-- phpMyAdmin SQL Dump
-- version 5.2.0
-- https://www.phpmyadmin.net/
--
-- ホスト: 127.0.0.1
-- 生成日時: 2024-08-15 09:16:54
-- サーバのバージョン： 10.4.25-MariaDB
-- PHP のバージョン: 8.1.10

SET SQL_MODE = "NO_AUTO_VALUE_ON_ZERO";
START TRANSACTION;
SET time_zone = "+00:00";


/*!40101 SET @OLD_CHARACTER_SET_CLIENT=@@CHARACTER_SET_CLIENT */;
/*!40101 SET @OLD_CHARACTER_SET_RESULTS=@@CHARACTER_SET_RESULTS */;
/*!40101 SET @OLD_COLLATION_CONNECTION=@@COLLATION_CONNECTION */;
/*!40101 SET NAMES utf8mb4 */;

--
-- データベース: `hobbylink`
--

-- --------------------------------------------------------

--
-- テーブルの構造 `app_chat`
--

CREATE TABLE `app_chat` (
  `id` bigint(20) NOT NULL,
  `name` varchar(50) NOT NULL
) ENGINE=InnoDB DEFAULT CHARSET=utf8mb4;

--
-- テーブルのデータのダンプ `app_chat`
--

INSERT INTO `app_chat` (`id`, `name`) VALUES
(3, 'るらりゆ'),
(4, 'るらりゆ'),
(5, 'るらりゆ'),
(6, 'あああああああああああああああああああああああああああああああ'),
(7, 'るらりゆ');

-- --------------------------------------------------------

--
-- テーブルの構造 `app_chatmember`
--

CREATE TABLE `app_chatmember` (
  `id` bigint(20) NOT NULL,
  `chat_id` bigint(20) NOT NULL,
  `user_id` char(32) NOT NULL
) ENGINE=InnoDB DEFAULT CHARSET=utf8mb4;

--
-- テーブルのデータのダンプ `app_chatmember`
--

INSERT INTO `app_chatmember` (`id`, `chat_id`, `user_id`) VALUES
(1, 3, '6af9d0c5bfe4452e91f0e8e4e149069f'),
(2, 4, '6af9d0c5bfe4452e91f0e8e4e149069f'),
(3, 4, '4d1dcb329885449e8ba48db720c4f9ec'),
(4, 5, '4d1dcb329885449e8ba48db720c4f9ec'),
(5, 5, '6af9d0c5bfe4452e91f0e8e4e149069f'),
(6, 6, '4d1dcb329885449e8ba48db720c4f9ec'),
(7, 6, '4d1dcb329885449e8ba48db720c4f9ec'),
(8, 7, '6af9d0c5bfe4452e91f0e8e4e149069f'),
(9, 7, '6af9d0c5bfe4452e91f0e8e4e149069f');

-- --------------------------------------------------------

--
-- テーブルの構造 `app_comment`
--

CREATE TABLE `app_comment` (
  `id` bigint(20) NOT NULL,
  `comment_text` longtext NOT NULL,
  `created_at` datetime(6) NOT NULL,
  `post_id_id` bigint(20) NOT NULL,
  `user_id_id` char(32) NOT NULL
) ENGINE=InnoDB DEFAULT CHARSET=utf8mb4;

--
-- テーブルのデータのダンプ `app_comment`
--

INSERT INTO `app_comment` (`id`, `comment_text`, `created_at`, `post_id_id`, `user_id_id`) VALUES
(1, 'こんばんは', '2024-08-10 05:17:19.054051', 1, '4d1dcb329885449e8ba48db720c4f9ec'),
(2, 'aaaaaaaaaaaaaaaaaaaaaaaaaaaaaaaaaa', '2024-08-10 05:17:34.436283', 1, '4d1dcb329885449e8ba48db720c4f9ec');

-- --------------------------------------------------------

--
-- テーブルの構造 `app_favorite`
--

CREATE TABLE `app_favorite` (
  `id` bigint(20) NOT NULL,
  `favorite_post_id_id` bigint(20) NOT NULL,
  `user_id_id` char(32) NOT NULL
) ENGINE=InnoDB DEFAULT CHARSET=utf8mb4;

-- --------------------------------------------------------

--
-- テーブルの構造 `app_image`
--

CREATE TABLE `app_image` (
  `id` bigint(20) NOT NULL,
  `filename` varchar(255) NOT NULL,
  `post_id_id` bigint(20) NOT NULL
) ENGINE=InnoDB DEFAULT CHARSET=utf8mb4;

--
-- テーブルのデータのダンプ `app_image`
--

INSERT INTO `app_image` (`id`, `filename`, `post_id_id`) VALUES
(1, 'fe2dcb88-eeda-415c-8bb2-4829fac9f5e8.avif', 1),
(2, 'poryhedron echo camber.jpg', 2),
(3, 'r1280x720l.jpg', 3),
(4, 'maxresdefault (2).jpg', 4),
(5, 'maxresdefault.jpg', 5),
(6, 'maxresdefaultyyy.jpg', 6),
(7, 'maxresdefault.jpg', 6),
(8, 'mikakunintouhikousyoujo.jpg', 7);

-- --------------------------------------------------------

--
-- テーブルの構造 `app_like`
--

CREATE TABLE `app_like` (
  `id` bigint(20) NOT NULL,
  `like_num` int(11) NOT NULL,
  `post_id_id` bigint(20) NOT NULL,
  `user_id_id` char(32) NOT NULL
) ENGINE=InnoDB DEFAULT CHARSET=utf8mb4;

--
-- テーブルのデータのダンプ `app_like`
--

INSERT INTO `app_like` (`id`, `like_num`, `post_id_id`, `user_id_id`) VALUES
(21, 1, 6, '6af9d0c5bfe4452e91f0e8e4e149069f'),
(22, 1, 4, '4d1dcb329885449e8ba48db720c4f9ec'),
(23, 1, 5, '4d1dcb329885449e8ba48db720c4f9ec'),
(24, 1, 3, '4d1dcb329885449e8ba48db720c4f9ec'),
(26, 1, 1, '4d1dcb329885449e8ba48db720c4f9ec'),
(28, 1, 2, '6af9d0c5bfe4452e91f0e8e4e149069f'),
(29, 1, 4, '6af9d0c5bfe4452e91f0e8e4e149069f'),
(30, 1, 5, '6af9d0c5bfe4452e91f0e8e4e149069f');

-- --------------------------------------------------------

--
-- テーブルの構造 `app_message`
--

CREATE TABLE `app_message` (
  `id` bigint(20) NOT NULL,
  `text` longtext NOT NULL,
  `timestamp` datetime(6) NOT NULL,
  `image` varchar(100) DEFAULT NULL,
  `chat_id_id` bigint(20) NOT NULL,
  `sender_id` char(32) NOT NULL
) ENGINE=InnoDB DEFAULT CHARSET=utf8mb4;

--
-- テーブルのデータのダンプ `app_message`
--

INSERT INTO `app_message` (`id`, `text`, `timestamp`, `image`, `chat_id_id`, `sender_id`) VALUES
(1, 'ｋｋｋｋｋ', '2024-08-10 07:46:46.158148', NULL, 4, '4d1dcb329885449e8ba48db720c4f9ec'),
(2, '撃っていいのは撃たれる覚悟のある奴だけだ。', '2024-08-10 08:23:08.632012', NULL, 4, '4d1dcb329885449e8ba48db720c4f9ec'),
(3, '撃っていいのは撃たれる覚悟のある奴だけだ。', '2024-08-10 08:23:08.633002', NULL, 3, '4d1dcb329885449e8ba48db720c4f9ec'),
(4, '撃っていいのは撃たれる覚悟のある奴だけだ。', '2024-08-10 08:23:08.640000', NULL, 4, '4d1dcb329885449e8ba48db720c4f9ec'),
(5, 'キャベジン', '2024-08-10 08:38:19.955693', NULL, 5, '4d1dcb329885449e8ba48db720c4f9ec'),
(6, 'キャベジン', '2024-08-10 08:38:19.956692', NULL, 4, '4d1dcb329885449e8ba48db720c4f9ec'),
(7, 'キャベジン', '2024-08-10 08:38:19.956692', NULL, 3, '4d1dcb329885449e8ba48db720c4f9ec'),
(8, 'キャベジン', '2024-08-10 08:38:19.966000', NULL, 5, '4d1dcb329885449e8ba48db720c4f9ec'),
(9, 'ふい', '2024-08-10 08:38:34.783443', NULL, 5, '4d1dcb329885449e8ba48db720c4f9ec'),
(10, 'ぱぴぷぺぽぽぽおおおおｐっぽぽぽっぽぽｐ', '2024-08-11 03:00:19.862417', NULL, 5, '6af9d0c5bfe4452e91f0e8e4e149069f'),
(11, 'ふ', '2024-08-11 03:10:26.463036', NULL, 5, '6af9d0c5bfe4452e91f0e8e4e149069f'),
(12, 'ふ', '2024-08-11 03:10:28.796284', NULL, 5, '6af9d0c5bfe4452e91f0e8e4e149069f'),
(13, 'ふ', '2024-08-11 03:10:28.989156', NULL, 5, '6af9d0c5bfe4452e91f0e8e4e149069f'),
(14, 'ふふふ', '2024-08-11 03:47:01.029641', NULL, 4, '6af9d0c5bfe4452e91f0e8e4e149069f'),
(15, 'ふふふ', '2024-08-11 03:47:01.029641', NULL, 5, '6af9d0c5bfe4452e91f0e8e4e149069f'),
(16, 'ふふふ', '2024-08-11 03:47:10.236252', NULL, 4, '6af9d0c5bfe4452e91f0e8e4e149069f'),
(17, 'ふふふ', '2024-08-11 03:47:10.237252', NULL, 5, '6af9d0c5bfe4452e91f0e8e4e149069f'),
(18, 'ふふふ', '2024-08-11 03:47:12.478353', NULL, 4, '6af9d0c5bfe4452e91f0e8e4e149069f'),
(19, 'ふふふ', '2024-08-11 03:47:12.484935', NULL, 5, '6af9d0c5bfe4452e91f0e8e4e149069f'),
(20, 'ふふふ', '2024-08-11 03:47:12.661742', NULL, 4, '6af9d0c5bfe4452e91f0e8e4e149069f'),
(21, 'ふふふ', '2024-08-11 03:47:12.662990', NULL, 5, '6af9d0c5bfe4452e91f0e8e4e149069f'),
(22, 'ふふふ', '2024-08-11 03:47:12.819054', NULL, 4, '6af9d0c5bfe4452e91f0e8e4e149069f'),
(23, 'ふふふ', '2024-08-11 03:47:12.820054', NULL, 5, '6af9d0c5bfe4452e91f0e8e4e149069f'),
(24, 'う', '2024-08-11 03:47:20.901297', NULL, 4, '6af9d0c5bfe4452e91f0e8e4e149069f'),
(25, 'うう', '2024-08-11 03:52:42.835201', NULL, 4, '6af9d0c5bfe4452e91f0e8e4e149069f'),
(26, 'いいいい', '2024-08-11 03:52:53.406612', NULL, 4, '6af9d0c5bfe4452e91f0e8e4e149069f'),
(27, 'ふふ', '2024-08-11 03:55:09.357516', NULL, 5, '6af9d0c5bfe4452e91f0e8e4e149069f'),
(28, 'ふふ', '2024-08-11 03:55:09.358517', NULL, 3, '6af9d0c5bfe4452e91f0e8e4e149069f'),
(29, 'ふふ', '2024-08-11 03:55:09.365517', NULL, 4, '6af9d0c5bfe4452e91f0e8e4e149069f'),
(30, 'ふふ', '2024-08-11 03:55:09.368533', NULL, 5, '6af9d0c5bfe4452e91f0e8e4e149069f'),
(31, 'ふふ', '2024-08-11 03:55:09.370539', NULL, 3, '6af9d0c5bfe4452e91f0e8e4e149069f'),
(32, 'ふふ', '2024-08-11 03:55:09.377537', NULL, 3, '6af9d0c5bfe4452e91f0e8e4e149069f'),
(33, 'ふふ', '2024-08-11 03:55:13.920880', NULL, 5, '6af9d0c5bfe4452e91f0e8e4e149069f'),
(34, 'ふふ', '2024-08-11 03:55:13.920880', NULL, 3, '6af9d0c5bfe4452e91f0e8e4e149069f'),
(35, 'ふふ', '2024-08-11 03:55:13.922878', NULL, 4, '6af9d0c5bfe4452e91f0e8e4e149069f'),
(36, 'ふふ', '2024-08-11 03:55:13.930636', NULL, 5, '6af9d0c5bfe4452e91f0e8e4e149069f'),
(37, 'ふふ', '2024-08-11 03:55:13.932636', NULL, 3, '6af9d0c5bfe4452e91f0e8e4e149069f'),
(38, 'ふふ', '2024-08-11 03:55:13.939549', NULL, 3, '6af9d0c5bfe4452e91f0e8e4e149069f'),
(39, 'ふ', '2024-08-11 03:55:21.891947', NULL, 5, '6af9d0c5bfe4452e91f0e8e4e149069f'),
(40, 'ふ', '2024-08-11 03:55:21.892923', NULL, 3, '6af9d0c5bfe4452e91f0e8e4e149069f'),
(41, 'ふ', '2024-08-11 03:55:21.892923', NULL, 4, '6af9d0c5bfe4452e91f0e8e4e149069f'),
(42, 'ふ', '2024-08-11 03:55:21.901345', NULL, 5, '6af9d0c5bfe4452e91f0e8e4e149069f'),
(43, 'ふ', '2024-08-11 03:55:21.903328', NULL, 3, '6af9d0c5bfe4452e91f0e8e4e149069f'),
(44, 'ふ', '2024-08-11 03:55:21.909329', NULL, 5, '6af9d0c5bfe4452e91f0e8e4e149069f'),
(45, 'ふ', '2024-08-11 03:55:21.911329', NULL, 3, '6af9d0c5bfe4452e91f0e8e4e149069f'),
(46, 'うう', '2024-08-11 03:56:01.592504', NULL, 4, '6af9d0c5bfe4452e91f0e8e4e149069f'),
(47, 'ああああああああああああああ', '2024-08-11 03:58:06.308297', NULL, 4, '6af9d0c5bfe4452e91f0e8e4e149069f'),
(48, 'ああああああああああああああ', '2024-08-11 03:58:06.308893', NULL, 3, '6af9d0c5bfe4452e91f0e8e4e149069f'),
(49, 'あああああああああああああああいいいいいいい', '2024-08-11 03:58:52.529015', NULL, 4, '6af9d0c5bfe4452e91f0e8e4e149069f'),
(50, 'あああああああああああああああいいいいいいい', '2024-08-11 03:58:52.530015', NULL, 5, '6af9d0c5bfe4452e91f0e8e4e149069f'),
(51, 'あああああああああああああああいいいいいいい', '2024-08-11 03:58:52.531001', NULL, 3, '6af9d0c5bfe4452e91f0e8e4e149069f'),
(52, 'あああああああああああああああいいいいいいい', '2024-08-11 03:58:52.538815', NULL, 4, '6af9d0c5bfe4452e91f0e8e4e149069f'),
(53, 'あああああああああああああああいいいいいいい', '2024-08-11 03:58:52.545774', NULL, 5, '6af9d0c5bfe4452e91f0e8e4e149069f'),
(54, 'うううううううううううううううううううう', '2024-08-11 03:59:02.619746', NULL, 4, '6af9d0c5bfe4452e91f0e8e4e149069f'),
(55, 'うううううううううううううううううううう', '2024-08-11 03:59:02.620743', NULL, 5, '6af9d0c5bfe4452e91f0e8e4e149069f'),
(56, 'うううううううううううううううううううう', '2024-08-11 03:59:02.621742', NULL, 3, '6af9d0c5bfe4452e91f0e8e4e149069f'),
(57, 'うううううううううううううううううううう', '2024-08-11 03:59:02.629676', NULL, 4, '6af9d0c5bfe4452e91f0e8e4e149069f'),
(58, 'うううううううううううううううううううう', '2024-08-11 03:59:02.630678', NULL, 5, '6af9d0c5bfe4452e91f0e8e4e149069f'),
(59, 'ううううううううううううううえええええ', '2024-08-11 03:59:14.094242', NULL, 5, '6af9d0c5bfe4452e91f0e8e4e149069f'),
(60, 'ううううううううううううううえええええ', '2024-08-11 03:59:14.094242', NULL, 4, '6af9d0c5bfe4452e91f0e8e4e149069f'),
(61, 'ううううううううううううううえええええ', '2024-08-11 03:59:14.100242', NULL, 3, '6af9d0c5bfe4452e91f0e8e4e149069f'),
(62, 'ううううううううううううううえええええ', '2024-08-11 03:59:14.102350', NULL, 5, '6af9d0c5bfe4452e91f0e8e4e149069f'),
(63, 'ううううううううううううううえええええ', '2024-08-11 03:59:14.110353', NULL, 4, '6af9d0c5bfe4452e91f0e8e4e149069f'),
(64, 'ううううううううううううううえええええ', '2024-08-11 03:59:14.119538', NULL, 5, '6af9d0c5bfe4452e91f0e8e4e149069f'),
(65, 'ううううううううううううううえええええ', '2024-08-11 03:59:14.128934', NULL, 4, '6af9d0c5bfe4452e91f0e8e4e149069f'),
(66, 'ううううううううううううううえええええ', '2024-08-11 03:59:14.129933', NULL, 5, '6af9d0c5bfe4452e91f0e8e4e149069f'),
(67, 'ううううううううううううううえええええ', '2024-08-11 03:59:14.139605', NULL, 5, '6af9d0c5bfe4452e91f0e8e4e149069f'),
(68, 'ううううううううううううううえええええ', '2024-08-11 03:59:14.152788', NULL, 5, '6af9d0c5bfe4452e91f0e8e4e149069f'),
(69, 'おおおおおおおおおおおおおおおお', '2024-08-11 03:59:30.952158', NULL, 4, '6af9d0c5bfe4452e91f0e8e4e149069f'),
(70, 'おおおおおおおおおおおおおおおお', '2024-08-11 03:59:30.953161', NULL, 5, '6af9d0c5bfe4452e91f0e8e4e149069f'),
(71, 'おおおおおおおおおおおおおおおお', '2024-08-11 03:59:30.954769', NULL, 3, '6af9d0c5bfe4452e91f0e8e4e149069f'),
(72, 'おおおおおおおおおおおおおおおお', '2024-08-11 03:59:30.962695', NULL, 4, '6af9d0c5bfe4452e91f0e8e4e149069f'),
(73, 'おおおおおおおおおおおおおおおお', '2024-08-11 03:59:30.963708', NULL, 5, '6af9d0c5bfe4452e91f0e8e4e149069f'),
(74, 'おおおおおおおおおおおおおおおお', '2024-08-11 03:59:30.964693', NULL, 3, '6af9d0c5bfe4452e91f0e8e4e149069f'),
(75, 'おおおおおおおおおおおおおおおお', '2024-08-11 03:59:30.972471', NULL, 4, '6af9d0c5bfe4452e91f0e8e4e149069f'),
(76, 'おおおおおおおおおおおおおおおお', '2024-08-11 03:59:30.972471', NULL, 5, '6af9d0c5bfe4452e91f0e8e4e149069f'),
(77, 'おおおおおおおおおおおおおおおお', '2024-08-11 03:59:30.974484', NULL, 3, '6af9d0c5bfe4452e91f0e8e4e149069f'),
(78, 'おおおおおおおおおおおおおおおお', '2024-08-11 03:59:30.982476', NULL, 4, '6af9d0c5bfe4452e91f0e8e4e149069f'),
(79, 'おおおおおおおおおおおおおおおお', '2024-08-11 03:59:30.984475', NULL, 5, '6af9d0c5bfe4452e91f0e8e4e149069f'),
(80, 'おおおおおおおおおおおおおおおお', '2024-08-11 03:59:30.985223', NULL, 3, '6af9d0c5bfe4452e91f0e8e4e149069f'),
(81, 'おおおおおおおおおおおおおおおお', '2024-08-11 03:59:30.993612', NULL, 4, '6af9d0c5bfe4452e91f0e8e4e149069f'),
(82, 'おおおおおおおおおおおおおおおお', '2024-08-11 03:59:30.994611', NULL, 5, '6af9d0c5bfe4452e91f0e8e4e149069f'),
(83, 'おおおおおおおおおおおおおおおお', '2024-08-11 03:59:30.994611', NULL, 3, '6af9d0c5bfe4452e91f0e8e4e149069f'),
(84, 'おおおおおおおおおおおおおおおお', '2024-08-11 03:59:31.003428', NULL, 4, '6af9d0c5bfe4452e91f0e8e4e149069f'),
(85, 'おおおおおおおおおおおおおおおお', '2024-08-11 03:59:31.006068', NULL, 5, '6af9d0c5bfe4452e91f0e8e4e149069f'),
(86, 'おおおおおおおおおおおおおおおお', '2024-08-11 03:59:31.007055', NULL, 3, '6af9d0c5bfe4452e91f0e8e4e149069f'),
(87, 'おおおおおおおおおおおおおおおお', '2024-08-11 03:59:31.013054', NULL, 4, '6af9d0c5bfe4452e91f0e8e4e149069f'),
(88, 'おおおおおおおおおおおおおおおお', '2024-08-11 03:59:31.015055', NULL, 5, '6af9d0c5bfe4452e91f0e8e4e149069f'),
(89, 'おおおおおおおおおおおおおおおお', '2024-08-11 03:59:31.022777', NULL, 4, '6af9d0c5bfe4452e91f0e8e4e149069f'),
(90, 'おおおおおおおおおおおおおおおお', '2024-08-11 03:59:31.023776', NULL, 5, '6af9d0c5bfe4452e91f0e8e4e149069f'),
(91, 'おおおおおおおおおおおおおおおお', '2024-08-11 03:59:31.030777', NULL, 4, '6af9d0c5bfe4452e91f0e8e4e149069f'),
(92, 'おおおおおおおおおおおおおおおお', '2024-08-11 03:59:31.031785', NULL, 5, '6af9d0c5bfe4452e91f0e8e4e149069f'),
(93, 'おおおおおおおおおおおおおおおお', '2024-08-11 03:59:31.039299', NULL, 4, '6af9d0c5bfe4452e91f0e8e4e149069f'),
(94, 'おおおおおおおおおおおおおおおお', '2024-08-11 03:59:31.040296', NULL, 5, '6af9d0c5bfe4452e91f0e8e4e149069f'),
(95, 'おおおおおおおおおおおおおおおお', '2024-08-11 03:59:31.047286', NULL, 4, '6af9d0c5bfe4452e91f0e8e4e149069f'),
(96, 'おおおおおおおおおおおおおおおお', '2024-08-11 03:59:31.048302', NULL, 5, '6af9d0c5bfe4452e91f0e8e4e149069f'),
(97, 'おおおおおおおおおおおおおおおお', '2024-08-11 03:59:31.055614', NULL, 4, '6af9d0c5bfe4452e91f0e8e4e149069f'),
(98, 'かかかか', '2024-08-11 04:01:06.942542', NULL, 4, '6af9d0c5bfe4452e91f0e8e4e149069f'),
(99, 'かかかか', '2024-08-11 04:01:06.942542', NULL, 5, '6af9d0c5bfe4452e91f0e8e4e149069f'),
(100, 'かかかか', '2024-08-11 04:01:06.944545', NULL, 3, '6af9d0c5bfe4452e91f0e8e4e149069f'),
(101, 'かかかか', '2024-08-11 04:01:06.953313', NULL, 4, '6af9d0c5bfe4452e91f0e8e4e149069f'),
(102, 'かかかか', '2024-08-11 04:01:06.956013', NULL, 5, '6af9d0c5bfe4452e91f0e8e4e149069f'),
(103, 'かかかか', '2024-08-11 04:01:06.956013', NULL, 3, '6af9d0c5bfe4452e91f0e8e4e149069f'),
(104, 'かかかか', '2024-08-11 04:01:06.966001', NULL, 4, '6af9d0c5bfe4452e91f0e8e4e149069f'),
(105, 'かかかか', '2024-08-11 04:01:06.967001', NULL, 5, '6af9d0c5bfe4452e91f0e8e4e149069f'),
(106, 'かかかか', '2024-08-11 04:01:06.969107', NULL, 3, '6af9d0c5bfe4452e91f0e8e4e149069f'),
(107, 'かかかか', '2024-08-11 04:01:06.977852', NULL, 4, '6af9d0c5bfe4452e91f0e8e4e149069f'),
(108, 'かかかか', '2024-08-11 04:01:06.978839', NULL, 5, '6af9d0c5bfe4452e91f0e8e4e149069f'),
(109, 'かかかか', '2024-08-11 04:01:06.979849', NULL, 3, '6af9d0c5bfe4452e91f0e8e4e149069f'),
(110, 'かかかか', '2024-08-11 04:01:06.989046', NULL, 4, '6af9d0c5bfe4452e91f0e8e4e149069f'),
(111, 'かかかか', '2024-08-11 04:01:06.989046', NULL, 5, '6af9d0c5bfe4452e91f0e8e4e149069f'),
(112, 'かかかか', '2024-08-11 04:01:06.991060', NULL, 3, '6af9d0c5bfe4452e91f0e8e4e149069f'),
(113, 'かかかか', '2024-08-11 04:01:06.999050', NULL, 4, '6af9d0c5bfe4452e91f0e8e4e149069f'),
(114, 'かかかか', '2024-08-11 04:01:07.000051', NULL, 5, '6af9d0c5bfe4452e91f0e8e4e149069f'),
(115, 'かかかか', '2024-08-11 04:01:07.002053', NULL, 3, '6af9d0c5bfe4452e91f0e8e4e149069f'),
(116, 'かかかか', '2024-08-11 04:01:07.009398', NULL, 4, '6af9d0c5bfe4452e91f0e8e4e149069f'),
(117, 'かかかか', '2024-08-11 04:01:07.010396', NULL, 5, '6af9d0c5bfe4452e91f0e8e4e149069f'),
(118, 'かかかか', '2024-08-11 04:01:07.011396', NULL, 3, '6af9d0c5bfe4452e91f0e8e4e149069f'),
(119, 'かかかか', '2024-08-11 04:01:07.018888', NULL, 4, '6af9d0c5bfe4452e91f0e8e4e149069f'),
(120, 'かかかか', '2024-08-11 04:01:07.019890', NULL, 5, '6af9d0c5bfe4452e91f0e8e4e149069f'),
(121, 'かかかか', '2024-08-11 04:01:07.020892', NULL, 3, '6af9d0c5bfe4452e91f0e8e4e149069f'),
(122, 'かかかか', '2024-08-11 04:01:07.029452', NULL, 4, '6af9d0c5bfe4452e91f0e8e4e149069f'),
(123, 'かかかか', '2024-08-11 04:01:07.030454', NULL, 5, '6af9d0c5bfe4452e91f0e8e4e149069f'),
(124, 'かかかか', '2024-08-11 04:01:07.031465', NULL, 3, '6af9d0c5bfe4452e91f0e8e4e149069f'),
(125, 'かかかか', '2024-08-11 04:01:07.040269', NULL, 5, '6af9d0c5bfe4452e91f0e8e4e149069f'),
(126, 'かかかか', '2024-08-11 04:01:07.041254', NULL, 4, '6af9d0c5bfe4452e91f0e8e4e149069f'),
(127, 'かかかか', '2024-08-11 04:01:07.041254', NULL, 3, '6af9d0c5bfe4452e91f0e8e4e149069f'),
(128, 'かかかか', '2024-08-11 04:01:07.051256', NULL, 5, '6af9d0c5bfe4452e91f0e8e4e149069f'),
(129, 'かかかか', '2024-08-11 04:01:07.051256', NULL, 4, '6af9d0c5bfe4452e91f0e8e4e149069f'),
(130, 'かかかか', '2024-08-11 04:01:07.052367', NULL, 3, '6af9d0c5bfe4452e91f0e8e4e149069f'),
(131, 'かかかか', '2024-08-11 04:01:07.060800', NULL, 5, '6af9d0c5bfe4452e91f0e8e4e149069f'),
(132, 'かかかか', '2024-08-11 04:01:07.061798', NULL, 4, '6af9d0c5bfe4452e91f0e8e4e149069f'),
(133, 'かかかか', '2024-08-11 04:01:07.062799', NULL, 3, '6af9d0c5bfe4452e91f0e8e4e149069f'),
(134, 'かかかか', '2024-08-11 04:01:07.070985', NULL, 5, '6af9d0c5bfe4452e91f0e8e4e149069f'),
(135, 'かかかか', '2024-08-11 04:01:07.072405', NULL, 4, '6af9d0c5bfe4452e91f0e8e4e149069f'),
(136, 'かかかか', '2024-08-11 04:01:07.074420', NULL, 3, '6af9d0c5bfe4452e91f0e8e4e149069f'),
(137, 'かかかか', '2024-08-11 04:01:07.080410', NULL, 5, '6af9d0c5bfe4452e91f0e8e4e149069f'),
(138, 'かかかか', '2024-08-11 04:01:07.081410', NULL, 4, '6af9d0c5bfe4452e91f0e8e4e149069f'),
(139, 'かかかか', '2024-08-11 04:01:07.083409', NULL, 3, '6af9d0c5bfe4452e91f0e8e4e149069f'),
(140, 'かかかか', '2024-08-11 04:01:07.091808', NULL, 5, '6af9d0c5bfe4452e91f0e8e4e149069f'),
(141, 'かかかか', '2024-08-11 04:01:07.092809', NULL, 4, '6af9d0c5bfe4452e91f0e8e4e149069f'),
(142, 'かかかか', '2024-08-11 04:01:07.092809', NULL, 3, '6af9d0c5bfe4452e91f0e8e4e149069f'),
(143, 'かかかか', '2024-08-11 04:01:07.100809', NULL, 5, '6af9d0c5bfe4452e91f0e8e4e149069f'),
(144, 'かかかか', '2024-08-11 04:01:07.101925', NULL, 4, '6af9d0c5bfe4452e91f0e8e4e149069f'),
(145, 'かかかか', '2024-08-11 04:01:07.103927', NULL, 3, '6af9d0c5bfe4452e91f0e8e4e149069f'),
(146, 'かかかか', '2024-08-11 04:01:07.110493', NULL, 5, '6af9d0c5bfe4452e91f0e8e4e149069f'),
(147, 'かかかか', '2024-08-11 04:01:07.112494', NULL, 4, '6af9d0c5bfe4452e91f0e8e4e149069f'),
(148, 'かかかか', '2024-08-11 04:01:07.113493', NULL, 3, '6af9d0c5bfe4452e91f0e8e4e149069f'),
(149, 'かかかか', '2024-08-11 04:01:07.119654', NULL, 5, '6af9d0c5bfe4452e91f0e8e4e149069f'),
(150, 'かかかか', '2024-08-11 04:01:07.122689', NULL, 4, '6af9d0c5bfe4452e91f0e8e4e149069f'),
(151, 'かかかか', '2024-08-11 04:01:07.125695', NULL, 3, '6af9d0c5bfe4452e91f0e8e4e149069f'),
(152, 'かかかか', '2024-08-11 04:01:07.128693', NULL, 5, '6af9d0c5bfe4452e91f0e8e4e149069f'),
(153, 'かかかか', '2024-08-11 04:01:07.130705', NULL, 4, '6af9d0c5bfe4452e91f0e8e4e149069f'),
(154, 'かかかか', '2024-08-11 04:01:07.134798', NULL, 3, '6af9d0c5bfe4452e91f0e8e4e149069f'),
(155, 'かかかか', '2024-08-11 04:01:07.139903', NULL, 5, '6af9d0c5bfe4452e91f0e8e4e149069f'),
(156, 'かかかか', '2024-08-11 04:01:07.141900', NULL, 4, '6af9d0c5bfe4452e91f0e8e4e149069f'),
(157, 'かかかか', '2024-08-11 04:01:07.144900', NULL, 3, '6af9d0c5bfe4452e91f0e8e4e149069f'),
(158, 'かかかか', '2024-08-11 04:01:07.149900', NULL, 5, '6af9d0c5bfe4452e91f0e8e4e149069f'),
(159, 'かかかか', '2024-08-11 04:01:07.150909', NULL, 4, '6af9d0c5bfe4452e91f0e8e4e149069f'),
(160, 'かかかか', '2024-08-11 04:01:07.160096', NULL, 5, '6af9d0c5bfe4452e91f0e8e4e149069f'),
(161, 'かかかか', '2024-08-11 04:01:07.161094', NULL, 4, '6af9d0c5bfe4452e91f0e8e4e149069f'),
(162, 'かかかか', '2024-08-11 04:01:07.170260', NULL, 5, '6af9d0c5bfe4452e91f0e8e4e149069f'),
(163, 'かかかか', '2024-08-11 04:01:07.171687', NULL, 4, '6af9d0c5bfe4452e91f0e8e4e149069f'),
(164, 'かかかか', '2024-08-11 04:01:07.179473', NULL, 5, '6af9d0c5bfe4452e91f0e8e4e149069f'),
(165, 'かかかか', '2024-08-11 04:01:07.180537', NULL, 4, '6af9d0c5bfe4452e91f0e8e4e149069f'),
(166, 'かかかか', '2024-08-11 04:01:07.189750', NULL, 5, '6af9d0c5bfe4452e91f0e8e4e149069f'),
(167, 'かかかか', '2024-08-11 04:01:07.190745', NULL, 4, '6af9d0c5bfe4452e91f0e8e4e149069f'),
(168, 'かかかか', '2024-08-11 04:01:07.197946', NULL, 5, '6af9d0c5bfe4452e91f0e8e4e149069f'),
(169, 'かかかか', '2024-08-11 04:01:07.198947', NULL, 4, '6af9d0c5bfe4452e91f0e8e4e149069f'),
(170, 'かかかか', '2024-08-11 04:01:07.206687', NULL, 5, '6af9d0c5bfe4452e91f0e8e4e149069f'),
(171, 'かかかか', '2024-08-11 04:01:07.207686', NULL, 4, '6af9d0c5bfe4452e91f0e8e4e149069f'),
(172, 'かかかか', '2024-08-11 04:01:07.213684', NULL, 5, '6af9d0c5bfe4452e91f0e8e4e149069f'),
(173, 'かかかか', '2024-08-11 04:01:07.215693', NULL, 4, '6af9d0c5bfe4452e91f0e8e4e149069f'),
(174, 'かかかか', '2024-08-11 04:01:07.223244', NULL, 5, '6af9d0c5bfe4452e91f0e8e4e149069f'),
(175, 'かかかか', '2024-08-11 04:01:07.225244', NULL, 4, '6af9d0c5bfe4452e91f0e8e4e149069f'),
(176, 'かかかか', '2024-08-11 04:01:07.232253', NULL, 5, '6af9d0c5bfe4452e91f0e8e4e149069f'),
(177, 'かかかか', '2024-08-11 04:01:07.233252', NULL, 4, '6af9d0c5bfe4452e91f0e8e4e149069f'),
(178, 'かかかか', '2024-08-11 04:01:07.241472', NULL, 4, '6af9d0c5bfe4452e91f0e8e4e149069f'),
(179, 'かかかか', '2024-08-11 04:01:07.248585', NULL, 4, '6af9d0c5bfe4452e91f0e8e4e149069f'),
(180, 'かかかか', '2024-08-11 04:01:07.257241', NULL, 4, '6af9d0c5bfe4452e91f0e8e4e149069f'),
(181, 'かかかか', '2024-08-11 04:01:07.264056', NULL, 4, '6af9d0c5bfe4452e91f0e8e4e149069f'),
(182, 'かかかか', '2024-08-11 04:01:07.272207', NULL, 4, '6af9d0c5bfe4452e91f0e8e4e149069f'),
(183, 'かかかか', '2024-08-11 04:01:07.279207', NULL, 4, '6af9d0c5bfe4452e91f0e8e4e149069f'),
(184, 'かかかか', '2024-08-11 04:01:07.285834', NULL, 4, '6af9d0c5bfe4452e91f0e8e4e149069f'),
(185, 'かかかか', '2024-08-11 04:01:07.292383', NULL, 4, '6af9d0c5bfe4452e91f0e8e4e149069f'),
(186, 'かかかか', '2024-08-11 04:01:07.298858', NULL, 4, '6af9d0c5bfe4452e91f0e8e4e149069f'),
(187, 'かかかか', '2024-08-11 04:01:07.306939', NULL, 4, '6af9d0c5bfe4452e91f0e8e4e149069f'),
(188, 'たちつてと', '2024-08-11 04:07:20.179671', NULL, 5, '6af9d0c5bfe4452e91f0e8e4e149069f'),
(189, 'かきくけこ', '2024-08-11 04:07:29.546659', NULL, 3, '6af9d0c5bfe4452e91f0e8e4e149069f'),
(190, 'うたれろ', '2024-08-11 04:07:48.250609', NULL, 5, '6af9d0c5bfe4452e91f0e8e4e149069f'),
(191, 'いい目が出ろよぉ～', '2024-08-11 04:08:13.917573', NULL, 4, '6af9d0c5bfe4452e91f0e8e4e149069f'),
(192, 'と', '2024-08-11 04:10:56.732810', NULL, 4, '6af9d0c5bfe4452e91f0e8e4e149069f'),
(193, 'へっ', '2024-08-11 04:14:19.952255', NULL, 5, '4d1dcb329885449e8ba48db720c4f9ec'),
(194, '美味い', '2024-08-11 04:17:43.169944', NULL, 4, '4d1dcb329885449e8ba48db720c4f9ec'),
(195, 'ふわ', '2024-08-12 01:53:23.407911', NULL, 3, '4d1dcb329885449e8ba48db720c4f9ec'),
(196, 'ふわ', '2024-08-12 01:53:23.407911', NULL, 4, '4d1dcb329885449e8ba48db720c4f9ec'),
(197, 'ふわ', '2024-08-12 01:53:23.407911', NULL, 5, '4d1dcb329885449e8ba48db720c4f9ec'),
(198, '', '2024-08-12 02:06:21.869948', NULL, 4, '4d1dcb329885449e8ba48db720c4f9ec'),
(199, 'っふふふ', '2024-08-12 02:15:45.465903', NULL, 4, '4d1dcb329885449e8ba48db720c4f9ec'),
(200, 'こんにちは', '2024-08-12 03:43:37.466644', NULL, 5, '4d1dcb329885449e8ba48db720c4f9ec'),
(201, 'こんにちは', '2024-08-12 03:43:43.074882', NULL, 5, '4d1dcb329885449e8ba48db720c4f9ec'),
(202, 'ううう', '2024-08-12 03:43:48.822467', NULL, 5, '4d1dcb329885449e8ba48db720c4f9ec'),
(203, 'ううう', '2024-08-12 03:44:29.514720', NULL, 5, '4d1dcb329885449e8ba48db720c4f9ec'),
(204, 'おっはよ', '2024-08-12 03:44:39.650840', NULL, 5, '4d1dcb329885449e8ba48db720c4f9ec'),
(205, 'たたた', '2024-08-12 03:54:21.708145', NULL, 4, '4d1dcb329885449e8ba48db720c4f9ec'),
(206, 'あ', '2024-08-12 03:57:41.006339', NULL, 5, '4d1dcb329885449e8ba48db720c4f9ec'),
(207, '', '2024-08-12 04:03:01.696776', NULL, 5, '4d1dcb329885449e8ba48db720c4f9ec'),
(208, '', '2024-08-12 04:03:24.342373', NULL, 4, '4d1dcb329885449e8ba48db720c4f9ec'),
(209, '', '2024-08-12 04:08:55.627095', NULL, 5, '4d1dcb329885449e8ba48db720c4f9ec'),
(210, '', '2024-08-12 04:09:55.708881', NULL, 4, '4d1dcb329885449e8ba48db720c4f9ec'),
(211, '', '2024-08-12 04:10:15.744685', NULL, 5, '4d1dcb329885449e8ba48db720c4f9ec'),
(212, '', '2024-08-12 04:11:05.865744', NULL, 5, '4d1dcb329885449e8ba48db720c4f9ec'),
(213, '', '2024-08-12 04:11:45.626699', NULL, 5, '4d1dcb329885449e8ba48db720c4f9ec'),
(214, 'おおお', '2024-08-12 04:15:52.785375', NULL, 5, '4d1dcb329885449e8ba48db720c4f9ec'),
(215, '', '2024-08-12 04:19:09.335015', 'aaaaaaaaaaa.png', 5, '4d1dcb329885449e8ba48db720c4f9ec'),
(216, '', '2024-08-12 04:20:13.813458', 'a.png', 5, '4d1dcb329885449e8ba48db720c4f9ec'),
(217, '', '2024-08-12 04:21:05.370258', 'aaaaaaaaaaa.png', 5, '4d1dcb329885449e8ba48db720c4f9ec'),
(218, '', '2024-08-12 04:21:47.968511', 'aaaaaaaaaaa.png', 5, '4d1dcb329885449e8ba48db720c4f9ec'),
(219, '', '2024-08-12 04:23:16.618756', 'aaaaaaaaaaa.png', 5, '4d1dcb329885449e8ba48db720c4f9ec'),
(220, '', '2024-08-12 04:26:32.511752', 'aaaaaaaaaaa.png', 5, '4d1dcb329885449e8ba48db720c4f9ec'),
(221, '', '2024-08-12 04:27:44.378073', 'aaaaaaaaaaa.png', 5, '4d1dcb329885449e8ba48db720c4f9ec'),
(222, '', '2024-08-12 04:28:00.394473', 'aaaaaaaaaaa.png', 5, '4d1dcb329885449e8ba48db720c4f9ec'),
(223, '', '2024-08-12 04:42:06.045138', 'a.png', 3, '4d1dcb329885449e8ba48db720c4f9ec'),
(224, '', '2024-08-12 04:42:19.324900', 'c.png', 3, '4d1dcb329885449e8ba48db720c4f9ec'),
(225, '', '2024-08-12 04:42:50.670840', 'a.png', 3, '4d1dcb329885449e8ba48db720c4f9ec'),
(226, '', '2024-08-12 04:42:55.766666', 'a.png', 3, '4d1dcb329885449e8ba48db720c4f9ec'),
(227, '', '2024-08-12 04:43:06.850983', 'c.png', 3, '4d1dcb329885449e8ba48db720c4f9ec'),
(228, '', '2024-08-12 04:44:06.216895', 'aaaaaaaaaaa.png', 5, '4d1dcb329885449e8ba48db720c4f9ec'),
(229, '', '2024-08-12 04:44:10.564517', 'aaaaaaaaaaa.png', 5, '4d1dcb329885449e8ba48db720c4f9ec'),
(230, '', '2024-08-12 04:46:08.699152', 'aaaaaaaaaaa.png', 4, '4d1dcb329885449e8ba48db720c4f9ec'),
(231, '', '2024-08-12 04:47:41.660427', 'a.png', 5, '4d1dcb329885449e8ba48db720c4f9ec'),
(232, '', '2024-08-12 04:48:40.640602', 'aaaaaaaaaaa.png', 5, '4d1dcb329885449e8ba48db720c4f9ec'),
(233, '', '2024-08-12 04:49:54.959783', 'aaaaaaaaaaa.png', 5, '4d1dcb329885449e8ba48db720c4f9ec'),
(234, '', '2024-08-12 04:50:19.962273', 'aaaaaaaaaaa.png', 5, '4d1dcb329885449e8ba48db720c4f9ec'),
(235, '', '2024-08-12 04:51:31.831258', 'a.png', 5, '4d1dcb329885449e8ba48db720c4f9ec'),
(236, '', '2024-08-12 04:51:49.221158', 'aaaaaaaaaaa.png', 5, '4d1dcb329885449e8ba48db720c4f9ec'),
(237, '', '2024-08-12 04:52:46.173494', 'aaaaaaaaaaa.png', 5, '4d1dcb329885449e8ba48db720c4f9ec'),
(238, '', '2024-08-12 04:53:37.183843', 'aaaaaaaaaaa.png', 5, '4d1dcb329885449e8ba48db720c4f9ec'),
(239, '', '2024-08-12 04:54:12.728648', 'aaaaaaaaaaa.png', 5, '4d1dcb329885449e8ba48db720c4f9ec'),
(240, '', '2024-08-12 04:54:48.636478', 'aaaaaaaaaaa.png', 5, '4d1dcb329885449e8ba48db720c4f9ec'),
(241, '', '2024-08-12 04:55:15.296393', 'a.png', 5, '4d1dcb329885449e8ba48db720c4f9ec'),
(242, '', '2024-08-12 04:56:38.895125', 'a.png', 5, '4d1dcb329885449e8ba48db720c4f9ec'),
(243, '', '2024-08-12 04:58:03.551534', 'poryhedron echo camber.jpg', 5, '4d1dcb329885449e8ba48db720c4f9ec'),
(244, '', '2024-08-12 04:58:24.717964', 'aaaaaaaaaaa.png', 5, '4d1dcb329885449e8ba48db720c4f9ec'),
(245, '', '2024-08-12 04:58:52.497209', 'a.png', 5, '4d1dcb329885449e8ba48db720c4f9ec'),
(246, '', '2024-08-12 04:59:35.727457', 'aaaaaaaaaaa.png', 5, '4d1dcb329885449e8ba48db720c4f9ec'),
(247, '', '2024-08-12 05:00:19.832680', 'aaaaaaaaaaa.png', 5, '4d1dcb329885449e8ba48db720c4f9ec'),
(248, '', '2024-08-12 05:01:10.828512', 'aaaaaaaaaaa.png', 5, '4d1dcb329885449e8ba48db720c4f9ec'),
(249, '', '2024-08-12 05:10:28.712000', 'aaaaaaaaaaa.png', 3, '4d1dcb329885449e8ba48db720c4f9ec'),
(250, '', '2024-08-12 05:10:29.949889', 'aaaaaaaaaaa.png', 3, '4d1dcb329885449e8ba48db720c4f9ec'),
(251, '', '2024-08-12 05:10:30.131934', 'aaaaaaaaaaa.png', 3, '4d1dcb329885449e8ba48db720c4f9ec'),
(252, '', '2024-08-12 05:10:30.305815', 'aaaaaaaaaaa.png', 3, '4d1dcb329885449e8ba48db720c4f9ec'),
(253, '', '2024-08-12 05:11:03.793947', 'a.png', 4, '4d1dcb329885449e8ba48db720c4f9ec'),
(254, '', '2024-08-12 05:13:16.446155', 'a.png', 4, '4d1dcb329885449e8ba48db720c4f9ec'),
(255, 'aaa', '2024-08-12 05:13:42.619445', 'aaaaaaaaaaa.png', 4, '4d1dcb329885449e8ba48db720c4f9ec'),
(256, '', '2024-08-12 05:13:42.931038', NULL, 4, '4d1dcb329885449e8ba48db720c4f9ec'),
(257, 'aaaaaaaaaa', '2024-08-12 05:14:14.653896', 'aaaaaaaaaaa.png', 5, '4d1dcb329885449e8ba48db720c4f9ec'),
(258, 'ああああああテスト', '2024-08-12 05:16:31.366766', 'aaaaaaaaaaa.png', 5, '4d1dcb329885449e8ba48db720c4f9ec'),
(259, 'えええ', '2024-08-12 05:16:44.955577', NULL, 5, '4d1dcb329885449e8ba48db720c4f9ec'),
(260, 'え', '2024-08-12 05:17:26.039042', NULL, 5, '4d1dcb329885449e8ba48db720c4f9ec'),
(261, 'あいうえお', '2024-08-12 05:17:35.241197', 'a.png', 5, '4d1dcb329885449e8ba48db720c4f9ec'),
(262, '', '2024-08-12 05:19:36.602082', 'aaaaaaaaaaa.png', 5, '4d1dcb329885449e8ba48db720c4f9ec'),
(263, '', '2024-08-12 05:20:14.350827', 'a.png', 5, '4d1dcb329885449e8ba48db720c4f9ec'),
(264, '', '2024-08-12 05:24:13.198574', 'aaaaaaaaaaa.png', 5, '4d1dcb329885449e8ba48db720c4f9ec'),
(265, '', '2024-08-12 05:26:04.861919', 'aaaaaaaaaaa.png', 5, '4d1dcb329885449e8ba48db720c4f9ec'),
(266, '', '2024-08-12 05:40:30.883314', 'aaaaaaaaaaa.png', 5, '4d1dcb329885449e8ba48db720c4f9ec'),
(267, '', '2024-08-12 05:42:03.854463', 'unnamed.png', 5, '4d1dcb329885449e8ba48db720c4f9ec'),
(268, '', '2024-08-12 05:42:49.888814', 'unnamed.png', 5, '4d1dcb329885449e8ba48db720c4f9ec'),
(269, 'きたああああああ', '2024-08-12 05:53:37.439909', 'poryhedron echo camber.jpg', 4, '4d1dcb329885449e8ba48db720c4f9ec'),
(270, 'きたああああああ', '2024-08-12 05:53:37.439909', 'poryhedron echo camber.jpg', 5, '4d1dcb329885449e8ba48db720c4f9ec'),
(271, 'きたああああああ', '2024-08-12 05:53:37.439909', 'poryhedron echo camber.jpg', 3, '4d1dcb329885449e8ba48db720c4f9ec'),
(272, 'きたああああああ', '2024-08-12 05:53:37.439909', 'poryhedron echo camber.jpg', 5, '4d1dcb329885449e8ba48db720c4f9ec'),
(273, 'きたああああああ', '2024-08-12 05:53:37.455525', 'poryhedron echo camber.jpg', 4, '4d1dcb329885449e8ba48db720c4f9ec'),
(274, '', '2024-08-12 05:55:13.874282', 'f9e4681c9cb9b2a7a021f052d2f04523.jpg', 5, '4d1dcb329885449e8ba48db720c4f9ec'),
(275, 'わっしぃ', '2024-08-12 05:55:33.080325', 'f9e4681c9cb9b2a7a021f052d2f04523.jpg', 5, '4d1dcb329885449e8ba48db720c4f9ec'),
(276, 'わっしぃ', '2024-08-12 05:55:33.080325', 'f9e4681c9cb9b2a7a021f052d2f04523.jpg', 5, '4d1dcb329885449e8ba48db720c4f9ec'),
(277, 'わっしぃ', '2024-08-12 05:55:33.095939', 'f9e4681c9cb9b2a7a021f052d2f04523.jpg', 4, '4d1dcb329885449e8ba48db720c4f9ec'),
(278, 'わっしぃ', '2024-08-12 05:55:33.095939', 'f9e4681c9cb9b2a7a021f052d2f04523.jpg', 3, '4d1dcb329885449e8ba48db720c4f9ec'),
(279, 'わっしぃ', '2024-08-12 05:55:33.095939', 'f9e4681c9cb9b2a7a021f052d2f04523.jpg', 4, '4d1dcb329885449e8ba48db720c4f9ec'),
(280, 'わっしぃ', '2024-08-12 05:55:33.095939', 'f9e4681c9cb9b2a7a021f052d2f04523.jpg', 4, '4d1dcb329885449e8ba48db720c4f9ec'),
(281, 'わっしぃ', '2024-08-12 05:55:33.127024', 'f9e4681c9cb9b2a7a021f052d2f04523.jpg', 5, '4d1dcb329885449e8ba48db720c4f9ec'),
(282, 'わっしぃ', '2024-08-12 05:55:33.129128', 'f9e4681c9cb9b2a7a021f052d2f04523.jpg', 4, '4d1dcb329885449e8ba48db720c4f9ec'),
(283, 'わっしぃ', '2024-08-12 05:55:33.134743', 'f9e4681c9cb9b2a7a021f052d2f04523.jpg', 3, '4d1dcb329885449e8ba48db720c4f9ec'),
(284, 'わっしぃ', '2024-08-12 05:55:33.136723', 'f9e4681c9cb9b2a7a021f052d2f04523.jpg', 4, '4d1dcb329885449e8ba48db720c4f9ec'),
(285, 'わっしぃ', '2024-08-12 05:55:33.136723', 'f9e4681c9cb9b2a7a021f052d2f04523.jpg', 5, '4d1dcb329885449e8ba48db720c4f9ec'),
(286, 'わっしぃ', '2024-08-12 05:55:33.136723', 'f9e4681c9cb9b2a7a021f052d2f04523.jpg', 5, '4d1dcb329885449e8ba48db720c4f9ec'),
(287, 'わっしぃ', '2024-08-12 05:55:33.146405', 'f9e4681c9cb9b2a7a021f052d2f04523.jpg', 4, '4d1dcb329885449e8ba48db720c4f9ec'),
(288, 'わっしぃ', '2024-08-12 05:55:33.153340', 'f9e4681c9cb9b2a7a021f052d2f04523.jpg', 3, '4d1dcb329885449e8ba48db720c4f9ec'),
(289, 'わっしぃ', '2024-08-12 05:55:33.156345', 'f9e4681c9cb9b2a7a021f052d2f04523.jpg', 4, '4d1dcb329885449e8ba48db720c4f9ec'),
(290, 'わっしぃ', '2024-08-12 05:55:33.162469', 'f9e4681c9cb9b2a7a021f052d2f04523.jpg', 5, '4d1dcb329885449e8ba48db720c4f9ec'),
(291, 'わっしぃ', '2024-08-12 05:55:33.164378', 'f9e4681c9cb9b2a7a021f052d2f04523.jpg', 3, '4d1dcb329885449e8ba48db720c4f9ec'),
(292, 'わっしぃ', '2024-08-12 05:55:33.167944', 'f9e4681c9cb9b2a7a021f052d2f04523.jpg', 3, '4d1dcb329885449e8ba48db720c4f9ec'),
(293, 'わっしぃ', '2024-08-12 05:55:33.170944', 'f9e4681c9cb9b2a7a021f052d2f04523.jpg', 4, '4d1dcb329885449e8ba48db720c4f9ec'),
(294, 'わっしぃ', '2024-08-12 05:55:33.175943', 'f9e4681c9cb9b2a7a021f052d2f04523.jpg', 4, '4d1dcb329885449e8ba48db720c4f9ec'),
(295, 'わっしぃ', '2024-08-12 05:55:33.180321', 'f9e4681c9cb9b2a7a021f052d2f04523.jpg', 5, '4d1dcb329885449e8ba48db720c4f9ec'),
(296, 'わっしぃ', '2024-08-12 05:55:33.185917', 'f9e4681c9cb9b2a7a021f052d2f04523.jpg', 4, '4d1dcb329885449e8ba48db720c4f9ec'),
(297, 'わっしぃ', '2024-08-12 05:55:33.187916', 'f9e4681c9cb9b2a7a021f052d2f04523.jpg', 3, '4d1dcb329885449e8ba48db720c4f9ec'),
(298, 'わっしぃ', '2024-08-12 05:55:33.190931', 'f9e4681c9cb9b2a7a021f052d2f04523.jpg', 4, '4d1dcb329885449e8ba48db720c4f9ec'),
(299, 'わっしぃ', '2024-08-12 05:55:33.198664', 'f9e4681c9cb9b2a7a021f052d2f04523.jpg', 5, '4d1dcb329885449e8ba48db720c4f9ec'),
(300, 'わっしぃ', '2024-08-12 05:55:33.199671', 'f9e4681c9cb9b2a7a021f052d2f04523.jpg', 4, '4d1dcb329885449e8ba48db720c4f9ec'),
(301, 'わっしぃ', '2024-08-12 05:55:33.202681', 'f9e4681c9cb9b2a7a021f052d2f04523.jpg', 5, '4d1dcb329885449e8ba48db720c4f9ec'),
(302, 'わっしぃ', '2024-08-12 05:55:33.210844', 'f9e4681c9cb9b2a7a021f052d2f04523.jpg', 4, '4d1dcb329885449e8ba48db720c4f9ec'),
(303, 'わっしぃ', '2024-08-12 05:55:33.214691', 'f9e4681c9cb9b2a7a021f052d2f04523.jpg', 3, '4d1dcb329885449e8ba48db720c4f9ec'),
(304, 'わっしぃ', '2024-08-12 05:55:33.218278', 'f9e4681c9cb9b2a7a021f052d2f04523.jpg', 4, '4d1dcb329885449e8ba48db720c4f9ec'),
(305, 'わっしぃ', '2024-08-12 05:55:33.220279', 'f9e4681c9cb9b2a7a021f052d2f04523.jpg', 5, '4d1dcb329885449e8ba48db720c4f9ec'),
(306, 'わっしぃ', '2024-08-12 05:55:33.221279', 'f9e4681c9cb9b2a7a021f052d2f04523.jpg', 3, '4d1dcb329885449e8ba48db720c4f9ec'),
(307, 'わっしぃ', '2024-08-12 05:55:33.228508', 'f9e4681c9cb9b2a7a021f052d2f04523.jpg', 4, '4d1dcb329885449e8ba48db720c4f9ec'),
(308, 'あ', '2024-08-12 05:59:47.616090', 'f9e4681c9cb9b2a7a021f052d2f04523.jpg', 4, '4d1dcb329885449e8ba48db720c4f9ec'),
(309, 'うおい', '2024-08-12 06:00:13.145226', NULL, 4, '4d1dcb329885449e8ba48db720c4f9ec'),
(310, 'うおい', '2024-08-12 06:00:13.145226', NULL, 4, '4d1dcb329885449e8ba48db720c4f9ec'),
(311, 'うおい', '2024-08-12 06:00:13.145226', NULL, 5, '4d1dcb329885449e8ba48db720c4f9ec'),
(312, 'うおい', '2024-08-12 06:00:13.145226', NULL, 4, '4d1dcb329885449e8ba48db720c4f9ec'),
(313, 'うおい', '2024-08-12 06:00:13.145226', NULL, 5, '4d1dcb329885449e8ba48db720c4f9ec'),
(314, 'うおい', '2024-08-12 06:00:13.145226', NULL, 4, '4d1dcb329885449e8ba48db720c4f9ec'),
(315, 'うおい', '2024-08-12 06:00:13.170058', NULL, 3, '4d1dcb329885449e8ba48db720c4f9ec'),
(316, 'うおい', '2024-08-12 06:00:13.170058', NULL, 4, '4d1dcb329885449e8ba48db720c4f9ec'),
(317, 'うおい', '2024-08-12 06:00:13.172054', NULL, 5, '4d1dcb329885449e8ba48db720c4f9ec'),
(318, 'うおい', '2024-08-12 06:00:13.173226', NULL, 4, '4d1dcb329885449e8ba48db720c4f9ec'),
(319, 'うおい', '2024-08-12 06:00:13.174239', NULL, 3, '4d1dcb329885449e8ba48db720c4f9ec'),
(320, 'うおい', '2024-08-12 06:00:13.175324', NULL, 4, '4d1dcb329885449e8ba48db720c4f9ec'),
(321, 'うおい', '2024-08-12 06:00:13.187963', NULL, 4, '4d1dcb329885449e8ba48db720c4f9ec'),
(322, 'うおい', '2024-08-12 06:00:13.187963', NULL, 5, '4d1dcb329885449e8ba48db720c4f9ec'),
(323, 'うおい', '2024-08-12 06:00:13.191925', NULL, 3, '4d1dcb329885449e8ba48db720c4f9ec'),
(324, 'うおい', '2024-08-12 06:00:13.193437', NULL, 4, '4d1dcb329885449e8ba48db720c4f9ec'),
(325, 'うおい', '2024-08-12 06:00:13.193437', NULL, 4, '4d1dcb329885449e8ba48db720c4f9ec'),
(326, 'うおい', '2024-08-12 06:00:13.193437', NULL, 5, '4d1dcb329885449e8ba48db720c4f9ec'),
(327, 'うおい', '2024-08-12 06:00:13.203443', NULL, 4, '4d1dcb329885449e8ba48db720c4f9ec'),
(328, 'うおい', '2024-08-12 06:00:13.204443', NULL, 5, '4d1dcb329885449e8ba48db720c4f9ec'),
(329, 'うおい', '2024-08-12 06:00:13.205441', NULL, 4, '4d1dcb329885449e8ba48db720c4f9ec'),
(330, 'うおい', '2024-08-12 06:00:13.207589', NULL, 5, '4d1dcb329885449e8ba48db720c4f9ec'),
(331, '', '2024-08-12 06:00:23.913303', 'f9e4681c9cb9b2a7a021f052d2f04523.jpg', 5, '4d1dcb329885449e8ba48db720c4f9ec'),
(332, '', '2024-08-12 06:00:50.992284', 'poryhedron echo camber.jpg', 5, '4d1dcb329885449e8ba48db720c4f9ec'),
(333, 'ふ', '2024-08-12 06:01:04.980017', NULL, 4, '4d1dcb329885449e8ba48db720c4f9ec'),
(334, 'ふ', '2024-08-12 06:01:04.980017', NULL, 5, '4d1dcb329885449e8ba48db720c4f9ec'),
(335, 'ふ', '2024-08-12 06:01:04.980017', NULL, 5, '4d1dcb329885449e8ba48db720c4f9ec'),
(336, 'ふ', '2024-08-12 06:01:04.995645', NULL, 4, '4d1dcb329885449e8ba48db720c4f9ec'),
(337, 'ふ', '2024-08-12 06:01:04.995645', NULL, 4, '4d1dcb329885449e8ba48db720c4f9ec'),
(338, 'ふ', '2024-08-12 06:01:04.995645', NULL, 4, '4d1dcb329885449e8ba48db720c4f9ec'),
(339, 'ふ', '2024-08-12 06:01:05.011185', NULL, 3, '4d1dcb329885449e8ba48db720c4f9ec'),
(340, 'ふ', '2024-08-12 06:01:05.012185', NULL, 4, '4d1dcb329885449e8ba48db720c4f9ec'),
(341, 'ふ', '2024-08-12 06:01:05.013184', NULL, 5, '4d1dcb329885449e8ba48db720c4f9ec'),
(342, 'ふ', '2024-08-12 06:01:05.014184', NULL, 4, '4d1dcb329885449e8ba48db720c4f9ec'),
(343, 'ふ', '2024-08-12 06:01:05.019184', NULL, 4, '4d1dcb329885449e8ba48db720c4f9ec'),
(344, 'ふ', '2024-08-12 06:01:05.022328', NULL, 3, '4d1dcb329885449e8ba48db720c4f9ec'),
(345, 'ふ', '2024-08-12 06:01:05.026645', NULL, 5, '4d1dcb329885449e8ba48db720c4f9ec'),
(346, 'ふ', '2024-08-12 06:01:05.027653', NULL, 4, '4d1dcb329885449e8ba48db720c4f9ec'),
(347, 'ふ', '2024-08-12 06:01:05.030661', NULL, 3, '4d1dcb329885449e8ba48db720c4f9ec'),
(348, 'ふ', '2024-08-12 06:01:05.031653', NULL, 4, '4d1dcb329885449e8ba48db720c4f9ec'),
(349, 'ふ', '2024-08-12 06:01:05.039770', NULL, 4, '4d1dcb329885449e8ba48db720c4f9ec'),
(350, 'ふ', '2024-08-12 06:01:05.042949', NULL, 5, '4d1dcb329885449e8ba48db720c4f9ec'),
(351, 'ふ', '2024-08-12 06:01:05.045950', NULL, 4, '4d1dcb329885449e8ba48db720c4f9ec'),
(352, 'ふ', '2024-08-12 06:01:05.047956', NULL, 5, '4d1dcb329885449e8ba48db720c4f9ec'),
(353, 'ふ', '2024-08-12 06:01:05.048949', NULL, 4, '4d1dcb329885449e8ba48db720c4f9ec'),
(354, 'ふ', '2024-08-12 06:01:05.049947', NULL, 5, '4d1dcb329885449e8ba48db720c4f9ec'),
(355, 'ふ', '2024-08-12 06:01:05.056106', NULL, 4, '4d1dcb329885449e8ba48db720c4f9ec'),
(356, 'ふ', '2024-08-12 06:01:05.063105', NULL, 3, '4d1dcb329885449e8ba48db720c4f9ec'),
(357, 'ふ', '2024-08-12 06:01:05.066113', NULL, 5, '4d1dcb329885449e8ba48db720c4f9ec'),
(358, 'ふ', '2024-08-12 06:01:05.069116', NULL, 3, '4d1dcb329885449e8ba48db720c4f9ec'),
(359, 'ふ', '2024-08-12 06:01:05.069116', NULL, 4, '4d1dcb329885449e8ba48db720c4f9ec'),
(360, 'ふ', '2024-08-12 06:01:05.070106', NULL, 4, '4d1dcb329885449e8ba48db720c4f9ec'),
(361, 'ふ', '2024-08-12 06:01:05.075246', NULL, 5, '4d1dcb329885449e8ba48db720c4f9ec'),
(362, 'ふ', '2024-08-12 06:01:05.081267', NULL, 3, '4d1dcb329885449e8ba48db720c4f9ec'),
(363, 'ふ', '2024-08-12 06:01:05.081267', NULL, 4, '4d1dcb329885449e8ba48db720c4f9ec'),
(364, 'ふ', '2024-08-12 06:01:05.087251', NULL, 5, '4d1dcb329885449e8ba48db720c4f9ec'),
(365, 'ふ', '2024-08-12 06:01:05.090271', NULL, 5, '4d1dcb329885449e8ba48db720c4f9ec'),
(366, 'ふ', '2024-08-12 06:01:05.094876', NULL, 4, '4d1dcb329885449e8ba48db720c4f9ec'),
(367, 'ふ', '2024-08-12 06:01:05.094876', NULL, 3, '4d1dcb329885449e8ba48db720c4f9ec'),
(368, 'ふ', '2024-08-12 06:01:05.099866', NULL, 4, '4d1dcb329885449e8ba48db720c4f9ec'),
(369, 'ふ', '2024-08-12 06:01:05.100865', NULL, 5, '4d1dcb329885449e8ba48db720c4f9ec'),
(370, 'ふ', '2024-08-12 06:01:05.107020', NULL, 4, '4d1dcb329885449e8ba48db720c4f9ec'),
(371, 'ふ', '2024-08-12 06:01:05.107020', NULL, 3, '4d1dcb329885449e8ba48db720c4f9ec'),
(372, 'ふ', '2024-08-12 06:01:05.113650', NULL, 4, '4d1dcb329885449e8ba48db720c4f9ec'),
(373, 'ふ', '2024-08-12 06:01:05.114647', NULL, 5, '4d1dcb329885449e8ba48db720c4f9ec'),
(374, 'ふ', '2024-08-12 06:01:05.118652', NULL, 4, '4d1dcb329885449e8ba48db720c4f9ec'),
(375, 'ふ', '2024-08-12 06:01:05.120647', NULL, 4, '4d1dcb329885449e8ba48db720c4f9ec'),
(376, 'ふ', '2024-08-12 06:01:05.126001', NULL, 3, '4d1dcb329885449e8ba48db720c4f9ec'),
(377, 'ふ', '2024-08-12 06:01:05.130996', NULL, 4, '4d1dcb329885449e8ba48db720c4f9ec'),
(378, 'ふ', '2024-08-12 06:01:05.131984', NULL, 5, '4d1dcb329885449e8ba48db720c4f9ec'),
(379, 'ふ', '2024-08-12 06:01:05.132986', NULL, 4, '4d1dcb329885449e8ba48db720c4f9ec'),
(380, 'ふ', '2024-08-12 06:01:05.133986', NULL, 3, '4d1dcb329885449e8ba48db720c4f9ec'),
(381, 'う', '2024-08-12 06:04:02.179478', NULL, 5, '4d1dcb329885449e8ba48db720c4f9ec'),
(382, 'んｎ', '2024-08-12 06:04:28.645108', NULL, 4, '4d1dcb329885449e8ba48db720c4f9ec'),
(383, 'んｎ', '2024-08-12 06:04:28.645108', NULL, 3, '4d1dcb329885449e8ba48db720c4f9ec'),
(384, 'んｎ', '2024-08-12 06:04:28.645108', NULL, 5, '4d1dcb329885449e8ba48db720c4f9ec'),
(385, 'んｎ', '2024-08-12 06:04:28.645108', NULL, 3, '4d1dcb329885449e8ba48db720c4f9ec'),
(386, 'んｎ', '2024-08-12 06:04:28.645108', NULL, 5, '4d1dcb329885449e8ba48db720c4f9ec'),
(387, 'んｎ', '2024-08-12 06:04:28.645108', NULL, 4, '4d1dcb329885449e8ba48db720c4f9ec'),
(388, 'んｎ', '2024-08-12 06:04:28.679133', NULL, 4, '4d1dcb329885449e8ba48db720c4f9ec'),
(389, 'んｎ', '2024-08-12 06:04:28.679133', NULL, 5, '4d1dcb329885449e8ba48db720c4f9ec'),
(390, 'んｎ', '2024-08-12 06:04:28.683132', NULL, 3, '4d1dcb329885449e8ba48db720c4f9ec'),
(391, 'んｎ', '2024-08-12 06:04:28.684133', NULL, 4, '4d1dcb329885449e8ba48db720c4f9ec'),
(392, 'んｎ', '2024-08-12 06:04:28.684133', NULL, 4, '4d1dcb329885449e8ba48db720c4f9ec'),
(393, 'んｎ', '2024-08-12 06:04:28.696054', NULL, 5, '4d1dcb329885449e8ba48db720c4f9ec'),
(394, 'んｎ', '2024-08-12 06:04:28.697667', NULL, 4, '4d1dcb329885449e8ba48db720c4f9ec'),
(395, 'んｎ', '2024-08-12 06:04:28.699672', NULL, 4, '4d1dcb329885449e8ba48db720c4f9ec'),
(396, 'んｎ', '2024-08-12 06:04:28.701675', NULL, 5, '4d1dcb329885449e8ba48db720c4f9ec'),
(397, 'んｎ', '2024-08-12 06:04:28.701675', NULL, 5, '4d1dcb329885449e8ba48db720c4f9ec'),
(398, 'んｎ', '2024-08-12 06:04:28.702672', NULL, 3, '4d1dcb329885449e8ba48db720c4f9ec'),
(399, 'んｎ', '2024-08-12 06:04:28.716780', NULL, 3, '4d1dcb329885449e8ba48db720c4f9ec'),
(400, 'んｎ', '2024-08-12 06:04:28.716780', NULL, 4, '4d1dcb329885449e8ba48db720c4f9ec'),
(401, 'んｎ', '2024-08-12 06:04:28.717768', NULL, 4, '4d1dcb329885449e8ba48db720c4f9ec'),
(402, 'んｎ', '2024-08-12 06:04:28.720777', NULL, 4, '4d1dcb329885449e8ba48db720c4f9ec'),
(403, 'んｎ', '2024-08-12 06:04:28.721777', NULL, 5, '4d1dcb329885449e8ba48db720c4f9ec'),
(404, 'んｎ', '2024-08-12 06:04:28.721777', NULL, 4, '4d1dcb329885449e8ba48db720c4f9ec'),
(405, 'んｎ', '2024-08-12 06:04:28.735388', NULL, 4, '4d1dcb329885449e8ba48db720c4f9ec'),
(406, 'んｎ', '2024-08-12 06:04:28.736387', NULL, 4, '4d1dcb329885449e8ba48db720c4f9ec'),
(407, 'んｎ', '2024-08-12 06:04:28.737389', NULL, 5, '4d1dcb329885449e8ba48db720c4f9ec'),
(408, 'んｎ', '2024-08-12 06:04:28.738386', NULL, 5, '4d1dcb329885449e8ba48db720c4f9ec'),
(409, 'んｎ', '2024-08-12 06:04:28.740511', NULL, 5, '4d1dcb329885449e8ba48db720c4f9ec'),
(410, 'んｎ', '2024-08-12 06:04:28.740511', NULL, 4, '4d1dcb329885449e8ba48db720c4f9ec'),
(411, 'んｎ', '2024-08-12 06:04:28.754944', NULL, 5, '4d1dcb329885449e8ba48db720c4f9ec'),
(412, 'んｎ', '2024-08-12 06:04:28.754944', NULL, 4, '4d1dcb329885449e8ba48db720c4f9ec'),
(413, 'んｎ', '2024-08-12 06:04:28.756069', NULL, 4, '4d1dcb329885449e8ba48db720c4f9ec'),
(414, 'んｎ', '2024-08-12 06:04:28.758119', NULL, 3, '4d1dcb329885449e8ba48db720c4f9ec'),
(415, 'んｎ', '2024-08-12 06:04:28.759540', NULL, 5, '4d1dcb329885449e8ba48db720c4f9ec'),
(416, 'んｎ', '2024-08-12 06:04:28.759540', NULL, 5, '4d1dcb329885449e8ba48db720c4f9ec'),
(417, 'んｎ', '2024-08-12 06:04:28.769547', NULL, 5, '4d1dcb329885449e8ba48db720c4f9ec'),
(418, 'んｎ', '2024-08-12 06:04:28.769547', NULL, 5, '4d1dcb329885449e8ba48db720c4f9ec'),
(419, 'んｎ', '2024-08-12 06:04:28.771661', NULL, 4, '4d1dcb329885449e8ba48db720c4f9ec'),
(420, 'ｒ', '2024-08-12 06:04:55.924595', NULL, 4, '4d1dcb329885449e8ba48db720c4f9ec'),
(421, 'ｒ', '2024-08-12 06:04:55.924595', NULL, 5, '4d1dcb329885449e8ba48db720c4f9ec'),
(422, 'ｒ', '2024-08-12 06:04:55.924595', NULL, 3, '4d1dcb329885449e8ba48db720c4f9ec'),
(423, 'ｒ', '2024-08-12 06:04:55.924595', NULL, 4, '4d1dcb329885449e8ba48db720c4f9ec'),
(424, 'ｒ', '2024-08-12 06:04:55.924595', NULL, 5, '4d1dcb329885449e8ba48db720c4f9ec'),
(425, 'ｒ', '2024-08-12 06:04:55.924595', NULL, 3, '4d1dcb329885449e8ba48db720c4f9ec'),
(426, 'ｒ', '2024-08-12 06:04:55.956462', NULL, 4, '4d1dcb329885449e8ba48db720c4f9ec'),
(427, 'ｒ', '2024-08-12 06:04:55.961147', NULL, 5, '4d1dcb329885449e8ba48db720c4f9ec'),
(428, 'ｒ', '2024-08-12 06:04:55.961147', NULL, 3, '4d1dcb329885449e8ba48db720c4f9ec'),
(429, 'ｒ', '2024-08-12 06:04:55.965136', NULL, 4, '4d1dcb329885449e8ba48db720c4f9ec'),
(430, 'ｒ', '2024-08-12 06:04:55.966144', NULL, 4, '4d1dcb329885449e8ba48db720c4f9ec'),
(431, 'ｒ', '2024-08-12 06:04:55.967136', NULL, 5, '4d1dcb329885449e8ba48db720c4f9ec'),
(432, 'ｒ', '2024-08-12 06:04:55.975252', NULL, 4, '4d1dcb329885449e8ba48db720c4f9ec'),
(433, 'ｒ', '2024-08-12 06:04:55.981260', NULL, 4, '4d1dcb329885449e8ba48db720c4f9ec'),
(434, 'ｒ', '2024-08-12 06:04:55.981260', NULL, 5, '4d1dcb329885449e8ba48db720c4f9ec'),
(435, 'ｒ', '2024-08-12 06:04:55.981260', NULL, 3, '4d1dcb329885449e8ba48db720c4f9ec'),
(436, 'ｒ', '2024-08-12 06:04:55.986254', NULL, 5, '4d1dcb329885449e8ba48db720c4f9ec'),
(437, 'ｒ', '2024-08-12 06:04:55.986254', NULL, 4, '4d1dcb329885449e8ba48db720c4f9ec'),
(438, 'ｒ', '2024-08-12 06:04:55.993684', NULL, 3, '4d1dcb329885449e8ba48db720c4f9ec'),
(439, 'ｒ', '2024-08-12 06:04:55.998684', NULL, 4, '4d1dcb329885449e8ba48db720c4f9ec'),
(440, 'ｒ', '2024-08-12 06:04:55.999693', NULL, 4, '4d1dcb329885449e8ba48db720c4f9ec'),
(441, 'ｒ', '2024-08-12 06:04:56.000685', NULL, 5, '4d1dcb329885449e8ba48db720c4f9ec'),
(442, 'ｒ', '2024-08-12 06:04:56.002791', NULL, 4, '4d1dcb329885449e8ba48db720c4f9ec'),
(443, 'ｒ', '2024-08-12 06:04:56.003706', NULL, 4, '4d1dcb329885449e8ba48db720c4f9ec'),
(444, 'ｒ', '2024-08-12 06:04:56.016349', NULL, 5, '4d1dcb329885449e8ba48db720c4f9ec'),
(445, 'ｒ', '2024-08-12 06:04:56.016349', NULL, 4, '4d1dcb329885449e8ba48db720c4f9ec'),
(446, 'ｒ', '2024-08-12 06:04:56.019495', NULL, 5, '4d1dcb329885449e8ba48db720c4f9ec'),
(447, 'ｒ', '2024-08-12 06:04:56.020495', NULL, 4, '4d1dcb329885449e8ba48db720c4f9ec'),
(448, 'ｒ', '2024-08-12 06:04:56.021495', NULL, 4, '4d1dcb329885449e8ba48db720c4f9ec'),
(449, 'ｒ', '2024-08-12 06:04:56.022497', NULL, 5, '4d1dcb329885449e8ba48db720c4f9ec'),
(450, 'ｒ', '2024-08-12 06:04:56.037503', NULL, 5, '4d1dcb329885449e8ba48db720c4f9ec'),
(451, 'ｒ', '2024-08-12 06:04:56.038503', NULL, 5, '4d1dcb329885449e8ba48db720c4f9ec'),
(452, 'ｒ', '2024-08-12 06:04:56.038503', NULL, 3, '4d1dcb329885449e8ba48db720c4f9ec'),
(453, 'ｒ', '2024-08-12 06:04:56.039503', NULL, 4, '4d1dcb329885449e8ba48db720c4f9ec'),
(454, 'ｒ', '2024-08-12 06:04:56.040503', NULL, 5, '4d1dcb329885449e8ba48db720c4f9ec'),
(455, 'ｒ', '2024-08-12 06:04:56.043495', NULL, 5, '4d1dcb329885449e8ba48db720c4f9ec'),
(456, 'ｒ', '2024-08-12 06:04:56.052495', NULL, 5, '4d1dcb329885449e8ba48db720c4f9ec'),
(457, 'ｒ', '2024-08-12 06:04:56.055675', NULL, 4, '4d1dcb329885449e8ba48db720c4f9ec'),
(458, 'ｒ', '2024-08-12 06:04:56.057427', NULL, 4, '4d1dcb329885449e8ba48db720c4f9ec'),
(459, 'ｒ', '2024-08-12 06:04:56.057427', NULL, 4, '4d1dcb329885449e8ba48db720c4f9ec'),
(460, 'ｒ', '2024-08-12 06:04:56.059957', NULL, 4, '4d1dcb329885449e8ba48db720c4f9ec'),
(461, 'ｒ', '2024-08-12 06:04:56.062955', NULL, 4, '4d1dcb329885449e8ba48db720c4f9ec'),
(462, 'ｒ', '2024-08-12 06:04:56.073075', NULL, 4, '4d1dcb329885449e8ba48db720c4f9ec'),
(463, 'ｒ', '2024-08-12 06:04:56.076073', NULL, 4, '4d1dcb329885449e8ba48db720c4f9ec'),
(464, 'ｒ', '2024-08-12 06:04:56.077081', NULL, 4, '4d1dcb329885449e8ba48db720c4f9ec'),
(465, 'ｒ', '2024-08-12 06:04:56.078073', NULL, 5, '4d1dcb329885449e8ba48db720c4f9ec'),
(466, 'ｒ', '2024-08-12 06:04:56.079073', NULL, 3, '4d1dcb329885449e8ba48db720c4f9ec'),
(467, 'ｒ', '2024-08-12 06:04:56.079073', NULL, 4, '4d1dcb329885449e8ba48db720c4f9ec'),
(468, 'ｒ', '2024-08-12 06:04:56.087900', NULL, 4, '4d1dcb329885449e8ba48db720c4f9ec'),
(469, 'ｒ', '2024-08-12 06:04:56.087900', NULL, 3, '4d1dcb329885449e8ba48db720c4f9ec'),
(470, 'あ', '2024-08-12 06:07:06.718829', NULL, 5, '4d1dcb329885449e8ba48db720c4f9ec'),
(471, '', '2024-08-12 06:07:13.885750', 'a.png', 5, '4d1dcb329885449e8ba48db720c4f9ec'),
(472, 'あ', '2024-08-12 06:07:49.998454', NULL, 5, '4d1dcb329885449e8ba48db720c4f9ec'),
(473, 'あ', '2024-08-12 06:07:49.998454', NULL, 5, '4d1dcb329885449e8ba48db720c4f9ec'),
(474, 'あ', '2024-08-12 06:07:49.998454', NULL, 3, '4d1dcb329885449e8ba48db720c4f9ec'),
(475, 'あ', '2024-08-12 06:07:49.998454', NULL, 5, '4d1dcb329885449e8ba48db720c4f9ec'),
(476, 'あ', '2024-08-12 06:07:49.998454', NULL, 4, '4d1dcb329885449e8ba48db720c4f9ec'),
(477, 'あ', '2024-08-12 06:07:49.998454', NULL, 4, '4d1dcb329885449e8ba48db720c4f9ec'),
(478, 'あ', '2024-08-12 06:10:06.447406', NULL, 5, '4d1dcb329885449e8ba48db720c4f9ec'),
(479, 'てれれ', '2024-08-12 06:10:18.186686', NULL, 5, '4d1dcb329885449e8ba48db720c4f9ec'),
(480, '', '2024-08-12 06:10:24.000368', 'a.png', 5, '4d1dcb329885449e8ba48db720c4f9ec'),
(481, 'ぬぺー', '2024-08-12 06:10:38.795743', 'aaaaaaaaaaa.png', 5, '4d1dcb329885449e8ba48db720c4f9ec'),
(482, 'い', '2024-08-12 06:23:20.733719', NULL, 3, '4d1dcb329885449e8ba48db720c4f9ec'),
(483, 'い', '2024-08-12 06:23:20.733719', NULL, 4, '4d1dcb329885449e8ba48db720c4f9ec'),
(484, 'い', '2024-08-12 06:23:20.733719', NULL, 5, '4d1dcb329885449e8ba48db720c4f9ec'),
(485, 'お', '2024-08-12 06:23:34.392092', NULL, 3, '4d1dcb329885449e8ba48db720c4f9ec'),
(486, 'お', '2024-08-12 06:23:34.392092', NULL, 4, '4d1dcb329885449e8ba48db720c4f9ec'),
(487, 'お', '2024-08-12 06:23:34.392092', NULL, 3, '4d1dcb329885449e8ba48db720c4f9ec'),
(488, 'お', '2024-08-12 06:23:34.392092', NULL, 5, '4d1dcb329885449e8ba48db720c4f9ec'),
(489, 'お', '2024-08-12 06:23:34.392092', NULL, 4, '4d1dcb329885449e8ba48db720c4f9ec'),
(490, 'お', '2024-08-12 06:23:34.392092', NULL, 5, '4d1dcb329885449e8ba48db720c4f9ec'),
(491, 'ｐ', '2024-08-12 06:23:45.578689', NULL, 5, '4d1dcb329885449e8ba48db720c4f9ec'),
(492, 'ｐ', '2024-08-12 06:23:45.578689', NULL, 5, '4d1dcb329885449e8ba48db720c4f9ec'),
(493, 'ｐ', '2024-08-12 06:23:45.578689', NULL, 3, '4d1dcb329885449e8ba48db720c4f9ec'),
(494, 'ｐ', '2024-08-12 06:23:45.578689', NULL, 3, '4d1dcb329885449e8ba48db720c4f9ec'),
(495, 'ｐ', '2024-08-12 06:23:45.578689', NULL, 4, '4d1dcb329885449e8ba48db720c4f9ec'),
(496, 'ｐ', '2024-08-12 06:23:45.578689', NULL, 4, '4d1dcb329885449e8ba48db720c4f9ec'),
(497, 'ｐ', '2024-08-12 06:23:45.610669', NULL, 3, '4d1dcb329885449e8ba48db720c4f9ec'),
(498, 'ｐ', '2024-08-12 06:23:45.611677', NULL, 4, '4d1dcb329885449e8ba48db720c4f9ec'),
(499, 'ｐ', '2024-08-12 06:23:45.613781', NULL, 5, '4d1dcb329885449e8ba48db720c4f9ec'),
(500, 'ｌ', '2024-08-12 06:23:53.843727', NULL, 4, '4d1dcb329885449e8ba48db720c4f9ec'),
(501, 'ｌ', '2024-08-12 06:23:53.843727', NULL, 4, '4d1dcb329885449e8ba48db720c4f9ec'),
(502, 'ｌ', '2024-08-12 06:23:53.843727', NULL, 5, '4d1dcb329885449e8ba48db720c4f9ec'),
(503, 'ｌ', '2024-08-12 06:23:53.843727', NULL, 3, '4d1dcb329885449e8ba48db720c4f9ec'),
(504, 'ｌ', '2024-08-12 06:23:53.843727', NULL, 3, '4d1dcb329885449e8ba48db720c4f9ec'),
(505, 'ｌ', '2024-08-12 06:23:53.843727', NULL, 5, '4d1dcb329885449e8ba48db720c4f9ec'),
(506, 'ｌ', '2024-08-12 06:23:53.878553', NULL, 3, '4d1dcb329885449e8ba48db720c4f9ec'),
(507, 'ｌ', '2024-08-12 06:23:53.879649', NULL, 3, '4d1dcb329885449e8ba48db720c4f9ec'),
(508, 'ｌ', '2024-08-12 06:23:53.879649', NULL, 4, '4d1dcb329885449e8ba48db720c4f9ec'),
(509, 'ｌ', '2024-08-12 06:23:53.881889', NULL, 5, '4d1dcb329885449e8ba48db720c4f9ec'),
(510, 'ｌ', '2024-08-12 06:23:53.883442', NULL, 5, '4d1dcb329885449e8ba48db720c4f9ec'),
(511, 'ｌ', '2024-08-12 06:23:53.884460', NULL, 4, '4d1dcb329885449e8ba48db720c4f9ec'),
(512, '；', '2024-08-12 06:24:03.529248', NULL, 5, '4d1dcb329885449e8ba48db720c4f9ec'),
(513, '；', '2024-08-12 06:24:03.529248', NULL, 4, '4d1dcb329885449e8ba48db720c4f9ec'),
(514, '；', '2024-08-12 06:24:03.529248', NULL, 4, '4d1dcb329885449e8ba48db720c4f9ec'),
(515, '；', '2024-08-12 06:24:03.529248', NULL, 3, '4d1dcb329885449e8ba48db720c4f9ec'),
(516, '；', '2024-08-12 06:24:03.529248', NULL, 3, '4d1dcb329885449e8ba48db720c4f9ec'),
(517, '；', '2024-08-12 06:24:03.529248', NULL, 5, '4d1dcb329885449e8ba48db720c4f9ec'),
(518, '；', '2024-08-12 06:24:03.548759', NULL, 3, '4d1dcb329885449e8ba48db720c4f9ec'),
(519, '；', '2024-08-12 06:24:03.550711', NULL, 5, '4d1dcb329885449e8ba48db720c4f9ec'),
(520, '；', '2024-08-12 06:24:03.553730', NULL, 4, '4d1dcb329885449e8ba48db720c4f9ec'),
(521, '；', '2024-08-12 06:24:03.557728', NULL, 3, '4d1dcb329885449e8ba48db720c4f9ec'),
(522, '；', '2024-08-12 06:24:03.558724', NULL, 4, '4d1dcb329885449e8ba48db720c4f9ec'),
(523, '；', '2024-08-12 06:24:03.559717', NULL, 5, '4d1dcb329885449e8ba48db720c4f9ec'),
(524, '；', '2024-08-12 06:24:03.565949', NULL, 3, '4d1dcb329885449e8ba48db720c4f9ec'),
(525, '；', '2024-08-12 06:24:03.568649', NULL, 4, '4d1dcb329885449e8ba48db720c4f9ec'),
(526, '；', '2024-08-12 06:24:03.569654', NULL, 5, '4d1dcb329885449e8ba48db720c4f9ec'),
(527, 'え', '2024-08-12 06:26:50.033976', NULL, 5, '4d1dcb329885449e8ba48db720c4f9ec'),
(528, 'え', '2024-08-12 06:27:08.595534', NULL, 5, '4d1dcb329885449e8ba48db720c4f9ec'),
(529, 'え', '2024-08-12 06:27:08.595534', NULL, 3, '4d1dcb329885449e8ba48db720c4f9ec'),
(530, 'え', '2024-08-12 06:27:08.595534', NULL, 5, '4d1dcb329885449e8ba48db720c4f9ec'),
(531, 'え', '2024-08-12 06:27:08.595534', NULL, 4, '4d1dcb329885449e8ba48db720c4f9ec'),
(532, 'え', '2024-08-12 06:27:08.595534', NULL, 3, '4d1dcb329885449e8ba48db720c4f9ec'),
(533, '直ってくれ', '2024-08-12 06:29:44.242639', NULL, 5, '4d1dcb329885449e8ba48db720c4f9ec'),
(534, '直ってくれ', '2024-08-12 06:29:44.242639', NULL, 4, '4d1dcb329885449e8ba48db720c4f9ec'),
(535, '直らないの？', '2024-08-12 06:30:02.285813', NULL, 3, '4d1dcb329885449e8ba48db720c4f9ec'),
(536, '直らないの？', '2024-08-12 06:30:02.285813', NULL, 5, '4d1dcb329885449e8ba48db720c4f9ec'),
(537, '直らないの？', '2024-08-12 06:30:02.285813', NULL, 4, '4d1dcb329885449e8ba48db720c4f9ec'),
(538, '直らないの？', '2024-08-12 06:30:02.285813', NULL, 5, '4d1dcb329885449e8ba48db720c4f9ec'),
(539, '直らないの？', '2024-08-12 06:30:02.285813', NULL, 4, '4d1dcb329885449e8ba48db720c4f9ec'),
(540, '頼むって', '2024-08-12 06:32:06.517207', NULL, 3, '4d1dcb329885449e8ba48db720c4f9ec'),
(541, '頼むって', '2024-08-12 06:32:06.518206', NULL, 3, '4d1dcb329885449e8ba48db720c4f9ec'),
(542, '頼むって', '2024-08-12 06:32:06.518206', NULL, 4, '4d1dcb329885449e8ba48db720c4f9ec'),
(543, '頼むって', '2024-08-12 06:32:06.519208', NULL, 5, '4d1dcb329885449e8ba48db720c4f9ec'),
(544, '直れーーー', '2024-08-12 06:34:12.117825', NULL, 5, '4d1dcb329885449e8ba48db720c4f9ec'),
(545, '直れーーー', '2024-08-12 06:34:12.117825', NULL, 4, '4d1dcb329885449e8ba48db720c4f9ec'),
(546, '直れーーー', '2024-08-12 06:34:12.117825', NULL, 5, '4d1dcb329885449e8ba48db720c4f9ec'),
(547, '直れーーー', '2024-08-12 06:34:12.117825', NULL, 5, '4d1dcb329885449e8ba48db720c4f9ec');
INSERT INTO `app_message` (`id`, `text`, `timestamp`, `image`, `chat_id_id`, `sender_id`) VALUES
(548, '直れーーー', '2024-08-12 06:34:12.117825', NULL, 5, '4d1dcb329885449e8ba48db720c4f9ec'),
(549, '直れーーー', '2024-08-12 06:34:12.133547', NULL, 4, '4d1dcb329885449e8ba48db720c4f9ec'),
(550, '直れーーー', '2024-08-12 06:34:12.146729', NULL, 3, '4d1dcb329885449e8ba48db720c4f9ec'),
(551, '直れーーー', '2024-08-12 06:34:12.147727', NULL, 4, '4d1dcb329885449e8ba48db720c4f9ec'),
(552, '直れーーー', '2024-08-12 06:34:12.149728', NULL, 4, '4d1dcb329885449e8ba48db720c4f9ec'),
(553, '直れーーー', '2024-08-12 06:34:12.151783', NULL, 3, '4d1dcb329885449e8ba48db720c4f9ec'),
(554, '直れーーー', '2024-08-12 06:34:12.151853', NULL, 5, '4d1dcb329885449e8ba48db720c4f9ec'),
(555, 'おおお', '2024-08-12 06:35:58.155533', NULL, 4, '4d1dcb329885449e8ba48db720c4f9ec'),
(556, 'よ', '2024-08-12 06:36:32.806885', NULL, 4, '4d1dcb329885449e8ba48db720c4f9ec'),
(557, 'よ', '2024-08-12 06:36:32.806885', NULL, 4, '4d1dcb329885449e8ba48db720c4f9ec'),
(558, 'よ', '2024-08-12 06:36:32.806885', NULL, 4, '4d1dcb329885449e8ba48db720c4f9ec'),
(559, 'よ', '2024-08-12 06:36:32.806885', NULL, 5, '4d1dcb329885449e8ba48db720c4f9ec'),
(560, 'よ', '2024-08-12 06:36:32.806885', NULL, 3, '4d1dcb329885449e8ba48db720c4f9ec'),
(561, 'poryhedronechochamber', '2024-08-12 07:41:22.334240', 'poryhedron echo camber.jpg', 6, '4d1dcb329885449e8ba48db720c4f9ec'),
(562, 'poryhedronechochamber', '2024-08-12 07:41:49.052905', 'poryhedron echo camber.jpg', 6, '4d1dcb329885449e8ba48db720c4f9ec'),
(563, 'アンパンマン', '2024-08-12 07:42:21.063591', NULL, 6, '4d1dcb329885449e8ba48db720c4f9ec'),
(564, '', '2024-08-12 07:43:26.418097', 'unnamed.png', 6, '6af9d0c5bfe4452e91f0e8e4e149069f'),
(565, '', '2024-08-13 01:43:09.911010', 'maxresdefaultyyy.jpg', 6, '6af9d0c5bfe4452e91f0e8e4e149069f'),
(566, 'はろー', '2024-08-15 05:55:31.008559', NULL, 7, '6af9d0c5bfe4452e91f0e8e4e149069f');

-- --------------------------------------------------------

--
-- テーブルの構造 `app_post_data`
--

CREATE TABLE `app_post_data` (
  `id` bigint(20) NOT NULL,
  `post_time` datetime(6) NOT NULL,
  `post_text` longtext NOT NULL,
  `user_id_id` char(32) NOT NULL
) ENGINE=InnoDB DEFAULT CHARSET=utf8mb4;

--
-- テーブルのデータのダンプ `app_post_data`
--

INSERT INTO `app_post_data` (`id`, `post_time`, `post_text`, `user_id_id`) VALUES
(1, '2024-08-10 05:16:59.221262', 'こんにちは。\r\nあああああああああああああああああ。', '4d1dcb329885449e8ba48db720c4f9ec'),
(2, '2024-08-13 02:14:33.884155', 'んんんんんん', '6af9d0c5bfe4452e91f0e8e4e149069f'),
(3, '2024-08-13 02:35:10.140745', 'よよよ', '4d1dcb329885449e8ba48db720c4f9ec'),
(4, '2024-08-13 02:54:31.938809', 'ダークロムシンカー', '6af9d0c5bfe4452e91f0e8e4e149069f'),
(5, '2024-08-14 01:52:51.522320', 'わわわ', '6af9d0c5bfe4452e91f0e8e4e149069f'),
(6, '2024-08-14 03:51:35.382481', 'ｋ', '6af9d0c5bfe4452e91f0e8e4e149069f'),
(7, '2024-08-14 06:01:09.638875', 'おはよおおおおおおおおおおおおおおおおおおおおおおお', '6af9d0c5bfe4452e91f0e8e4e149069f');

-- --------------------------------------------------------

--
-- テーブルの構造 `app_post_tag`
--

CREATE TABLE `app_post_tag` (
  `id` bigint(20) NOT NULL,
  `post_id_id` bigint(20) NOT NULL,
  `tag_id_id` bigint(20) NOT NULL
) ENGINE=InnoDB DEFAULT CHARSET=utf8mb4;

--
-- テーブルのデータのダンプ `app_post_tag`
--

INSERT INTO `app_post_tag` (`id`, `post_id_id`, `tag_id_id`) VALUES
(1, 5, 7),
(2, 5, 2),
(3, 6, 7),
(4, 6, 8),
(5, 6, 9),
(6, 7, 7),
(7, 7, 2),
(8, 7, 3);

-- --------------------------------------------------------

--
-- テーブルの構造 `app_tag`
--

CREATE TABLE `app_tag` (
  `id` bigint(20) NOT NULL,
  `tag` varchar(20) NOT NULL
) ENGINE=InnoDB DEFAULT CHARSET=utf8mb4;

--
-- テーブルのデータのダンプ `app_tag`
--

INSERT INTO `app_tag` (`id`, `tag`) VALUES
(3, '#DIY'),
(9, '#おはようございます'),
(7, '#こんにちは'),
(8, '#こんばんは'),
(2, '#サイクリング'),
(6, '#スポーツ'),
(5, '#山登り'),
(4, '#手作り');

-- --------------------------------------------------------

--
-- テーブルの構造 `auth_group`
--

CREATE TABLE `auth_group` (
  `id` int(11) NOT NULL,
  `name` varchar(150) NOT NULL
) ENGINE=InnoDB DEFAULT CHARSET=utf8mb4;

-- --------------------------------------------------------

--
-- テーブルの構造 `auth_group_permissions`
--

CREATE TABLE `auth_group_permissions` (
  `id` bigint(20) NOT NULL,
  `group_id` int(11) NOT NULL,
  `permission_id` int(11) NOT NULL
) ENGINE=InnoDB DEFAULT CHARSET=utf8mb4;

-- --------------------------------------------------------

--
-- テーブルの構造 `auth_permission`
--

CREATE TABLE `auth_permission` (
  `id` int(11) NOT NULL,
  `name` varchar(255) NOT NULL,
  `content_type_id` int(11) NOT NULL,
  `codename` varchar(100) NOT NULL
) ENGINE=InnoDB DEFAULT CHARSET=utf8mb4;

--
-- テーブルのデータのダンプ `auth_permission`
--

INSERT INTO `auth_permission` (`id`, `name`, `content_type_id`, `codename`) VALUES
(1, 'Can add log entry', 1, 'add_logentry'),
(2, 'Can change log entry', 1, 'change_logentry'),
(3, 'Can delete log entry', 1, 'delete_logentry'),
(4, 'Can view log entry', 1, 'view_logentry'),
(5, 'Can add permission', 2, 'add_permission'),
(6, 'Can change permission', 2, 'change_permission'),
(7, 'Can delete permission', 2, 'delete_permission'),
(8, 'Can view permission', 2, 'view_permission'),
(9, 'Can add group', 3, 'add_group'),
(10, 'Can change group', 3, 'change_group'),
(11, 'Can delete group', 3, 'delete_group'),
(12, 'Can view group', 3, 'view_group'),
(13, 'Can add user', 4, 'add_user'),
(14, 'Can change user', 4, 'change_user'),
(15, 'Can delete user', 4, 'delete_user'),
(16, 'Can view user', 4, 'view_user'),
(17, 'Can add content type', 5, 'add_contenttype'),
(18, 'Can change content type', 5, 'change_contenttype'),
(19, 'Can delete content type', 5, 'delete_contenttype'),
(20, 'Can view content type', 5, 'view_contenttype'),
(21, 'Can add session', 6, 'add_session'),
(22, 'Can change session', 6, 'change_session'),
(23, 'Can delete session', 6, 'delete_session'),
(24, 'Can view session', 6, 'view_session'),
(25, 'Can add user', 7, 'add_user'),
(26, 'Can change user', 7, 'change_user'),
(27, 'Can delete user', 7, 'delete_user'),
(28, 'Can view user', 7, 'view_user'),
(29, 'Can add comment', 8, 'add_comment'),
(30, 'Can change comment', 8, 'change_comment'),
(31, 'Can delete comment', 8, 'delete_comment'),
(32, 'Can view comment', 8, 'view_comment'),
(33, 'Can add favorite', 9, 'add_favorite'),
(34, 'Can change favorite', 9, 'change_favorite'),
(35, 'Can delete favorite', 9, 'delete_favorite'),
(36, 'Can view favorite', 9, 'view_favorite'),
(37, 'Can add post_data', 10, 'add_post_data'),
(38, 'Can change post_data', 10, 'change_post_data'),
(39, 'Can delete post_data', 10, 'delete_post_data'),
(40, 'Can view post_data', 10, 'view_post_data'),
(41, 'Can add like', 11, 'add_like'),
(42, 'Can change like', 11, 'change_like'),
(43, 'Can delete like', 11, 'delete_like'),
(44, 'Can view like', 11, 'view_like'),
(45, 'Can add tag', 12, 'add_tag'),
(46, 'Can change tag', 12, 'change_tag'),
(47, 'Can delete tag', 12, 'delete_tag'),
(48, 'Can view tag', 12, 'view_tag'),
(49, 'Can add image', 13, 'add_image'),
(50, 'Can change image', 13, 'change_image'),
(51, 'Can delete image', 13, 'delete_image'),
(52, 'Can view image', 13, 'view_image'),
(53, 'Can add message', 14, 'add_message'),
(54, 'Can change message', 14, 'change_message'),
(55, 'Can delete message', 14, 'delete_message'),
(56, 'Can view message', 14, 'view_message'),
(57, 'Can add chat member', 15, 'add_chatmember'),
(58, 'Can change chat member', 15, 'change_chatmember'),
(59, 'Can delete chat member', 15, 'delete_chatmember'),
(60, 'Can view chat member', 15, 'view_chatmember'),
(61, 'Can add chat', 16, 'add_chat'),
(62, 'Can change chat', 16, 'change_chat'),
(63, 'Can delete chat', 16, 'delete_chat'),
(64, 'Can view chat', 16, 'view_chat'),
(65, 'Can add post_tag', 17, 'add_post_tag'),
(66, 'Can change post_tag', 17, 'change_post_tag'),
(67, 'Can delete post_tag', 17, 'delete_post_tag'),
(68, 'Can view post_tag', 17, 'view_post_tag');

-- --------------------------------------------------------

--
-- テーブルの構造 `auth_user`
--

CREATE TABLE `auth_user` (
  `id` int(11) NOT NULL,
  `password` varchar(128) NOT NULL,
  `last_login` datetime(6) DEFAULT NULL,
  `is_superuser` tinyint(1) NOT NULL,
  `username` varchar(150) NOT NULL,
  `first_name` varchar(150) NOT NULL,
  `last_name` varchar(150) NOT NULL,
  `email` varchar(254) NOT NULL,
  `is_staff` tinyint(1) NOT NULL,
  `is_active` tinyint(1) NOT NULL,
  `date_joined` datetime(6) NOT NULL
) ENGINE=InnoDB DEFAULT CHARSET=utf8mb4;

-- --------------------------------------------------------

--
-- テーブルの構造 `auth_user_groups`
--

CREATE TABLE `auth_user_groups` (
  `id` bigint(20) NOT NULL,
  `user_id` int(11) NOT NULL,
  `group_id` int(11) NOT NULL
) ENGINE=InnoDB DEFAULT CHARSET=utf8mb4;

-- --------------------------------------------------------

--
-- テーブルの構造 `auth_user_user_permissions`
--

CREATE TABLE `auth_user_user_permissions` (
  `id` bigint(20) NOT NULL,
  `user_id` int(11) NOT NULL,
  `permission_id` int(11) NOT NULL
) ENGINE=InnoDB DEFAULT CHARSET=utf8mb4;

-- --------------------------------------------------------

--
-- テーブルの構造 `django_admin_log`
--

CREATE TABLE `django_admin_log` (
  `id` int(11) NOT NULL,
  `action_time` datetime(6) NOT NULL,
  `object_id` longtext DEFAULT NULL,
  `object_repr` varchar(200) NOT NULL,
  `action_flag` smallint(5) UNSIGNED NOT NULL CHECK (`action_flag` >= 0),
  `change_message` longtext NOT NULL,
  `content_type_id` int(11) DEFAULT NULL,
  `user_id` int(11) NOT NULL
) ENGINE=InnoDB DEFAULT CHARSET=utf8mb4;

-- --------------------------------------------------------

--
-- テーブルの構造 `django_content_type`
--

CREATE TABLE `django_content_type` (
  `id` int(11) NOT NULL,
  `app_label` varchar(100) NOT NULL,
  `model` varchar(100) NOT NULL
) ENGINE=InnoDB DEFAULT CHARSET=utf8mb4;

--
-- テーブルのデータのダンプ `django_content_type`
--

INSERT INTO `django_content_type` (`id`, `app_label`, `model`) VALUES
(1, 'admin', 'logentry'),
(16, 'app', 'chat'),
(15, 'app', 'chatmember'),
(8, 'app', 'comment'),
(9, 'app', 'favorite'),
(13, 'app', 'image'),
(11, 'app', 'like'),
(14, 'app', 'message'),
(10, 'app', 'post_data'),
(17, 'app', 'post_tag'),
(12, 'app', 'tag'),
(3, 'auth', 'group'),
(2, 'auth', 'permission'),
(4, 'auth', 'user'),
(5, 'contenttypes', 'contenttype'),
(6, 'sessions', 'session'),
(7, 'user', 'user');

-- --------------------------------------------------------

--
-- テーブルの構造 `django_migrations`
--

CREATE TABLE `django_migrations` (
  `id` bigint(20) NOT NULL,
  `app` varchar(255) NOT NULL,
  `name` varchar(255) NOT NULL,
  `applied` datetime(6) NOT NULL
) ENGINE=InnoDB DEFAULT CHARSET=utf8mb4;

--
-- テーブルのデータのダンプ `django_migrations`
--

INSERT INTO `django_migrations` (`id`, `app`, `name`, `applied`) VALUES
(1, 'contenttypes', '0001_initial', '2024-08-01 07:49:40.226162'),
(2, 'auth', '0001_initial', '2024-08-01 07:49:40.544781'),
(3, 'admin', '0001_initial', '2024-08-01 07:49:40.632048'),
(4, 'admin', '0002_logentry_remove_auto_add', '2024-08-01 07:49:40.638039'),
(5, 'admin', '0003_logentry_add_action_flag_choices', '2024-08-01 07:49:40.643768'),
(6, 'contenttypes', '0002_remove_content_type_name', '2024-08-01 07:49:40.680978'),
(7, 'auth', '0002_alter_permission_name_max_length', '2024-08-01 07:49:40.724150'),
(8, 'auth', '0003_alter_user_email_max_length', '2024-08-01 07:49:40.728556'),
(9, 'auth', '0004_alter_user_username_opts', '2024-08-01 07:49:40.741822'),
(10, 'auth', '0005_alter_user_last_login_null', '2024-08-01 07:49:40.778256'),
(11, 'auth', '0006_require_contenttypes_0002', '2024-08-01 07:49:40.781829'),
(12, 'auth', '0007_alter_validators_add_error_messages', '2024-08-01 07:49:40.790584'),
(13, 'auth', '0008_alter_user_username_max_length', '2024-08-01 07:49:40.824040'),
(14, 'auth', '0009_alter_user_last_name_max_length', '2024-08-01 07:49:40.848860'),
(15, 'auth', '0010_alter_group_name_max_length', '2024-08-01 07:49:40.860397'),
(16, 'auth', '0011_update_proxy_permissions', '2024-08-01 07:49:40.866504'),
(17, 'auth', '0012_alter_user_first_name_max_length', '2024-08-01 07:49:40.875769'),
(18, 'sessions', '0001_initial', '2024-08-01 07:49:40.892165'),
(159, 'app', '0002_like', '2024-08-06 05:23:19.331919'),
(160, 'app', '0003_tag', '2024-08-06 05:23:19.346411'),
(161, 'app', '0004_image', '2024-08-06 05:23:19.394262'),
(162, 'app', '0005_alter_like_like_num', '2024-08-06 05:23:19.398416'),
(163, 'app', '0006_alter_image_post_id', '2024-08-06 05:23:19.402629'),
(164, 'app', '0007_like_user', '2024-08-06 05:23:19.445398'),
(165, 'app', '0008_remove_like_user_like_user_id', '2024-08-06 05:23:19.545838'),
(166, 'app', '0009_alter_like_user_id', '2024-08-06 05:23:19.632552'),
(167, 'app', '0010_alter_like_user_id', '2024-08-06 05:23:19.719854'),
(168, 'app', '0011_alter_like_user_id', '2024-08-06 05:23:19.807498'),
(169, 'user', '0001_initial', '2024-08-06 05:28:19.270981'),
(170, 'user', '0002_alter_user_user_id', '2024-08-06 05:28:19.274981'),
(171, 'user', '0003_alter_user_email_alter_user_user_id', '2024-08-06 05:28:19.325882'),
(172, 'user', '0004_alter_user_user_id', '2024-08-06 05:28:19.329844'),
(173, 'user', '0005_remove_user_id_remove_user_password_user_profile_id_and_more', '2024-08-06 05:28:19.453296'),
(174, 'user', '0006_user_password_alter_user_email_alter_user_user_id', '2024-08-06 05:28:19.556986'),
(175, 'user', '0007_alter_user_email', '2024-08-06 05:28:19.572070'),
(176, 'user', '0008_user_groups_user_is_active_user_is_staff_and_more', '2024-08-06 05:28:19.806657'),
(177, 'user', '0009_remove_user_groups_remove_user_is_active_and_more', '2024-08-06 05:28:19.861186'),
(178, 'user', '0010_alter_user_profile_id', '2024-08-06 05:28:19.874348'),
(179, 'user', '0011_alter_user_user_id', '2024-08-06 05:28:19.877502'),
(184, 'app', '0001_initial', '2024-08-10 05:15:49.574652'),
(185, 'app', '0002_rename_group_id_message_chat_id', '2024-08-10 07:12:29.826591'),
(186, 'app', '0003_alter_message_image', '2024-08-10 07:14:54.875001'),
(187, 'app', '0004_post_tag', '2024-08-14 01:23:34.198060'),
(188, 'user', '0012_remove_user_profile_id_user_profile_text_and_more', '2024-08-15 04:38:00.504172');

-- --------------------------------------------------------

--
-- テーブルの構造 `django_session`
--

CREATE TABLE `django_session` (
  `session_key` varchar(40) NOT NULL,
  `session_data` longtext NOT NULL,
  `expire_date` datetime(6) NOT NULL
) ENGINE=InnoDB DEFAULT CHARSET=utf8mb4;

--
-- テーブルのデータのダンプ `django_session`
--

INSERT INTO `django_session` (`session_key`, `session_data`, `expire_date`) VALUES
('09t6imqimllkfg432loh8urznaosc9dg', 'eyJ1c2VyX2lkIjoiYjQ4MDRjY2ItMWJlZi00MzhlLWFhOGUtYWU3OWQ0MmI4MjI0In0:1saGUI:5Q5pUDwxWXRbrzkvxrvkQElXT0NC-YGej5qQynVW3C8', '2024-08-17 15:16:06.375401'),
('0getgav8yamltfsx3ix0kbxrs2q2x6gu', '.eJyrViotTi2Kz0xRslIySTFMSU4yNtK1tLAw1TUxsUzVtUhKNNG1SEkyNzJINkmzTE1W0oFoyEvMTQVqiSk1NjAxGoqkUi0AdAhErA:1sdNvy:da20oL1byCehpIBQ2z7AXcLemf5hsro2o7TgbitjN7k', '2024-08-26 05:49:34.010049'),
('0n1tbh7aws4xlrtc8i2qw4j9yoab1gw5', '.eJyrViotTi2Kz0xRslIySTFMSU4yNtK1tLAw1TUxsUzVtUhKNNG1SEkyNzJINkmzTE1W0oFoyEvMTQVqiSk1NjAxGoqkUi0AdAhErA:1scgoC:lPcOFDONxEDDOgFRKN0st1qNDHVC3f2D_DYWG10TTdg', '2024-08-24 07:46:40.213540'),
('1advy8v59q92u6frv1ckb7rny7d4rcyu', '.eJyrViotTi2Kz0xRslIyS0yzTDFINtVNSks10TUxNUrVtTRMM9BNtUg1STU0sTQws0xT0oFoyEvMTQVqiSk1NrBIApOWYDIRTJop1QIAoSwZ6g:1sdfqN:q6aE4Zf1T3FcjuxTT2vVkVR3lgdbbc-QxLn8GgCK4U0', '2024-08-27 00:56:59.084916'),
('1gembdnlk6q6n8ksvblq6wt6qx02lvd4', '.eJyrViotTi2Kz0xRslIySTFMSU4yNtK1tLAw1TUxsUzVtUhKNNG1SEkyNzJINkmzTE1W0oFoyEvMTQVqiSk1NjAxGoqkUi0AdAhErA:1sbtXu:R6AlG62z88VEaS5aB9NN4qoSGamh3w6ofNEz213ECOw', '2024-08-22 03:10:34.341943'),
('391n7yxhwn3rqovbg8zaluyyvlur3j5t', '.eJyrViotTi2Kz0xRslIySTFMSU4yNtK1tLAw1TUxsUzVtUhKNNG1SEkyNzJINkmzTE1W0oFoyEvMTQVqiSk1NjAxGoqkUi0AdAhErA:1sdLxE:oE6C4O9wVwh4SR5BvIz4egZb7QPoNfHgfw-H9wIqLyw', '2024-08-26 03:42:44.882916'),
('47mhehhi348vdjlhu4an8e0zry4zpw43', '.eJyrViotTi2Kz0xRslIyS0yzTDFINtVNSks10TUxNUrVtTRMM9BNtUg1STU0sTQws0xT0oFoyEvMTQVqiSk1NrBIApOWYDIRTJop1QIAoSwZ6g:1sdisn:YhD-1SeqI-xA0VOYafAv0qawZJfIN_NnO8tOTFumx1g', '2024-08-27 04:11:41.134149'),
('4facvok3c772ck5quazneqmflqbeobec', 'eyJ1c2VyX2lkIjoiYjQ4MDRjY2ItMWJlZi00MzhlLWFhOGUtYWU3OWQ0MmI4MjI0In0:1saEXF:MoKuS0OjMSG9wSyqijFIrBKbguRJQM9JTFZZgX3NjS8', '2024-08-17 13:11:01.118599'),
('4gdnovzqbx08ob7jwqte46500n3sm97a', '.eJyrViotTi2Kz0xRslIyS0yzTDFINtVNSks10TUxNUrVtTRMM9BNtUg1STU0sTQws0xT0oFoyEvMTQVqiSk1NrBIApOWYDIRTJop1QIAoSwZ6g:1sdgc5:qV5_yumL7Cy6XyFNZunzmlWChyEQlCE5jrnr7JUGBtU', '2024-08-27 01:46:17.501436'),
('58ay2bsg5gnhnak5unzxp93erc2ivqfr', '.eJyrViotTi2Kz0xRslIySTFMSU4yNtK1tLAw1TUxsUzVtUhKNNG1SEkyNzJINkmzTE1W0oFoyEvMTQVqiSk1NjAxGoqkUi0AdAhErA:1sdMsK:Vz21c7a_7204yMxMyZgkpbOaQW90ntTt02ziO9tBrSw', '2024-08-26 04:41:44.924148'),
('6epa98h07t5sa9fq29pffoqglu2iubrl', '.eJyrViotTi2Kz0xRslIySTFMSU4yNtK1tLAw1TUxsUzVtUhKNNG1SEkyNzJINkmzTE1W0oFoyEvMTQVqiSk1NjAxGoqkUi0AdAhErA:1sdN0X:S581fN-c6h_MqL6IGBjs_c3Da57p0X1RFSFCJP9JzvU', '2024-08-26 04:50:13.478297'),
('6vuz49g7wecovktlz258bdnszo4rgzef', '.eJyrViotTi2Kz0xRslIyS0yzTDFINtVNSks10TUxNUrVtTRMM9BNtUg1STU0sTQws0xT0oFoyEvMTQVqiSk1NrBIApOWYDIRTJop1QIAoSwZ6g:1sbGDK:ufBAyOZEShIdmBO_praIdi4uWRddN3VDiilftGc2g4g', '2024-08-20 09:10:42.793144'),
('7o8yb41xer9hpwr4tnqtqmczeqf2xr9y', 'eyJ1c2VyX2lkIjoiYjQ4MDRjY2ItMWJlZi00MzhlLWFhOGUtYWU3OWQ0MmI4MjI0In0:1sa6PZ:WbRzbegCjJgSCHFFmqOWe2enXclWxzBVL4HNRV-617w', '2024-08-17 04:30:33.961044'),
('7uefiaglfcvzza0hwhdf9aki0jffbaeo', '.eJyrViotTi2Kz0xRslIySTFMSU4yNtK1tLAw1TUxsUzVtUhKNNG1SEkyNzJINkmzTE1W0oFoyEvMTQVqiSk1NjAxGoqkUi0AdAhErA:1scLFv:YaU9au8F-7lF3JvU0c-3qeus_9uQnxlBHueZUUuvyzg', '2024-08-23 08:45:51.072204'),
('93vake04f7ixmjkmb7khhtqkacvc54ho', '.eJyrViotTi2Kz0xRslIyS0yzTDFINtVNSks10TUxNUrVtTRMM9BNtUg1STU0sTQws0xT0oFoyEvMTQVqiSk1NrBIApOWYDIRTJop1QIAoSwZ6g:1sePYP:I97DIM85NS96qfcDCFqrJnG5-Ul8OyN_3iWcaIjfJ-c', '2024-08-29 01:45:29.731021'),
('9ix5kvtqv6sdhl4p1mw07u1pzxgs1w1f', 'eyJ1c2VyX2lkIjoiYjQ4MDRjY2ItMWJlZi00MzhlLWFhOGUtYWU3OWQ0MmI4MjI0In0:1saVHW:n4W4chGBf9ltZwvoYX_F4R2jfUC8j-LyYZaiBBf7NBc', '2024-08-18 07:03:54.693099'),
('9sq6zli63eqeykqx2ajcga4zcpb9glw0', '.eJyrViotTi2Kz0xRslIyS0yzTDFINtVNSks10TUxNUrVtTRMM9BNtUg1STU0sTQws0xT0oFoyEvMTQVqiSk1NrBIApOWYDIRTJop1QIAoSwZ6g:1sdfdI:GVoRjaGQtG9lKxaa1_Nl13LUNSX0Sm0RMuKWR_B01mk', '2024-08-27 00:43:28.610706'),
('acfwjqc8cul8bxz7ga9p3l4qjc96igge', '.eJyrViotTi2Kz0xRslIyS0yzTDFINtVNSks10TUxNUrVtTRMM9BNtUg1STU0sTQws0xT0oFoyEvMTQVqiSk1NrBIApOWYDIRTJop1QIAoSwZ6g:1seQJF:abg0FDi_Ivczt8Gq63h6oXDurRPr5lpCO9u41AJnNEU', '2024-08-29 02:33:53.977429'),
('auufkg3uzia1mp4vzwp4acupwc6epdhv', '.eJyrViotTi2Kz0xRslIySTFMSU4yNtK1tLAw1TUxsUzVtUhKNNG1SEkyNzJINkmzTE1W0oFoyEvMTQVqiSk1NjAxGoqkUi0AdAhErA:1sbsYt:lMclr5XiAHjQcwg2m3sJyfrOOxLxB68bM7dr5yCy-D4', '2024-08-22 02:07:31.032592'),
('dghijgkqte53bknk5ys48f1z7uze4yw6', 'eyJ1c2VyX2lkIjoiYjQ4MDRjY2ItMWJlZi00MzhlLWFhOGUtYWU3OWQ0MmI4MjI0In0:1say3F:BhplUJ5rRBMkeVi38iv8JngQYt1WVmLoBxZXPwjp8Lo', '2024-08-19 13:47:05.777467'),
('eln5px3ggsvqu5atyub335hqhy8n3kym', '.eJyrViotTi2Kz0xRslIySTFMSU4yNtK1tLAw1TUxsUzVtUhKNNG1SEkyNzJINkmzTE1W0oFoyEvMTQVqiSk1NjAxGoqkUi0AdAhErA:1sceww:REdgTaoAhcfOgCada83640Cr-jbaG-kxQPTWPz2o1Oc', '2024-08-24 05:47:34.574797'),
('etq1gclfk5je2pbzh5qmqqx0pmidfzlp', '.eJyrViotTi2Kz0xRslIyS0yzTDFINtVNSks10TUxNUrVtTRMM9BNtUg1STU0sTQws0xT0oFoyEvMTQVqiSk1NrBIApOWYDIRTJop1QIAoSwZ6g:1sbs0X:bcDeQACA9RoRz8THHTXRQ_7ezN2hUTxU4xgQeq7va3g', '2024-08-22 01:32:01.210350'),
('femnvloxb9ygbz5txi2z6ql5xde4guxk', 'eyJ1c2VyX2lkIjoiNmIxNWU4YzUtNzVmMy00ZWEyLTkxYTctYTgyZTY1NjQzODg1In0:1sbBO2:77a5omTO8O_KeGXnorUKvb6CJkDfSUUiqymOSNQuYr4', '2024-08-20 04:01:26.703636'),
('fwng1zuef7t10rmulo8ukw3kep3u43c7', '.eJyrViotTi2Kz0xRslIySTFMSU4yNtK1tLAw1TUxsUzVtUhKNNG1SEkyNzJINkmzTE1W0oFoyEvMTQVqiSk1NjAxGoqkUi0AdAhErA:1sdP4P:effZ2pr9qOYrU1MFLamgF5cHW7JqiONmmBRiKlGQN7U', '2024-08-26 07:02:21.054703'),
('g8rfhdb2zdxix04y1l1c79gwn29vii2w', '.eJyrViotTi2Kz0xRslIySTFMSU4yNtK1tLAw1TUxsUzVtUhKNNG1SEkyNzJINkmzTE1W0oFoyEvMTQVqiSk1NjAxGoqkUi0AdAhErA:1sdKEr:vXI7lMS0LP-yYDuHFcS9Vqga7jbUn7zBolWJ9X0gU1U', '2024-08-26 01:52:49.592672'),
('hl9q3bxywvd0530veqdhab86qe28j5bd', '.eJyrViotTi2Kz0xRslIyS0yzTDFINtVNSks10TUxNUrVtTRMM9BNtUg1STU0sTQws0xT0oFoyEvMTQVqiSk1NrBIApOWYDIRTJop1QIAoSwZ6g:1sePJJ:d4Z6E3Vz3ndmPLwYnH-tBZRER2DXj2nlYrtx4L9Bf5Q', '2024-08-29 01:29:53.872503'),
('hlqik83xs7tq1bss3je30e3yeibjatjw', '.eJyrViotTi2Kz0xRslIyS0yzTDFINtVNSks10TUxNUrVtTRMM9BNtUg1STU0sTQws0xT0oFoyEvMTQVqiSk1NrBIApOWYDIRTJop1QIAoSwZ6g:1sbGeh:Z95tVXndNpHuUlAjbL-wXxmsEcFy0XcFinMQkpR5vX0', '2024-08-20 09:38:59.347566'),
('i8zukle7wmevaw9ugwotyojvxvityudy', '.eJyrViotTi2Kz0xRslIySTFMSU4yNtK1tLAw1TUxsUzVtUhKNNG1SEkyNzJINkmzTE1W0oFoyEvMTQVqiSk1NjAxGoqkUi0AdAhErA:1seUY6:kG9Tu87wF_djaZb_8y7T4n-YGAzUuwFFcCeA9pwMBPw', '2024-08-29 07:05:30.929223'),
('ik5t8jrj3vtedz1gdw9pxop7v4h2bnm2', '.eJyrViotTi2Kz0xRslIyS0yzTDFINtVNSks10TUxNUrVtTRMM9BNtUg1STU0sTQws0xT0oFoyEvMTQVqiSk1NrBIApOWYDIRTJop1QIAoSwZ6g:1sbD1r:j1kyDxMb9wQ24lpe_lFc9RixTrQOM_lo2ta9tm9GXAw', '2024-08-20 05:46:39.845183'),
('imb206nh3k6fw8qsktlsq8eodybciz6g', 'eyJ1c2VyX2lkIjoiYjQ4MDRjY2ItMWJlZi00MzhlLWFhOGUtYWU3OWQ0MmI4MjI0In0:1sa9w1:mcV_U09ZIAeb42sV7MUOnD_nYy35pJ9xmaibiyC7ubM', '2024-08-17 08:16:17.338322'),
('iuo8gdv45qkjz6t1138fnmgi9ze66zkx', 'eyJ1c2VyX2lkIjoiNzA4ZDEyNDctY2IzZC00MmE2LTg0YzEtMTQ0ZDdhZDQxMzJlIn0:1sbAl7:ooO8mEpmoRAdWTVOp-gVNc7VW7hj4yvAme6jlM5zVs8', '2024-08-20 03:21:13.969310'),
('j4zxaun57zgc3agrp925f4d885wztbez', '.eJyrViotTi2Kz0xRslIySTFMSU4yNtK1tLAw1TUxsUzVtUhKNNG1SEkyNzJINkmzTE1W0oFoyEvMTQVqiSk1NjAxGoqkUi0AdAhErA:1scybq:PZnJBC6olAADUkcx5A3s6bNNd0mpVqAtrzRVoGmyJsw', '2024-08-25 02:47:06.848796'),
('juqpe3rzcdai6vvpof83pj537abwg0ek', '.eJyrViotTi2Kz0xRslIyS0yzTDFINtVNSks10TUxNUrVtTRMM9BNtUg1STU0sTQws0xT0oFoyEvMTQVqiSk1NrBIApOWYDIRTJop1QIAoSwZ6g:1sbGJ1:IJ2XunPaMZjNWrCJr8mY_NMkx0hYgzRm456PwEvGhHI', '2024-08-20 09:16:35.022184'),
('k00tdiz3jb9g0vgq2mocbailz1dgiag4', '.eJyrViotTi2Kz0xRslIyS0yzTDFINtVNSks10TUxNUrVtTRMM9BNtUg1STU0sTQws0xT0oFoyEvMTQVqiSk1NrBIApOWYDIRTJop1QIAoSwZ6g:1sdgD0:axxBSsUnpemG2BQZPqevZ90iYSMKRa-XnULAI6FTYEY', '2024-08-27 01:20:22.901657'),
('kduheu2ubokmzvz1z09tqh5qsebgdsiu', '.eJyrViotTi2Kz0xRslIyS0yzTDFINtVNSks10TUxNUrVtTRMM9BNtUg1STU0sTQws0xT0oFoyEvMTQVqiSk1NrBIApOWYDIRTJop1QIAoSwZ6g:1sdfb2:xCyUHNf2DWoj_Gz4IzOQnIixInZxhBVWLfCZPUiEgbU', '2024-08-27 00:41:08.845899'),
('key1m87z4p8vgm9ebl41yb83aa3f2f5z', '.eJyrViotTi2Kz0xRslIyS0yzTDFINtVNSks10TUxNUrVtTRMM9BNtUg1STU0sTQws0xT0oFoyEvMTQVqiSk1NrBIApOWYDIRTJop1QIAoSwZ6g:1sczXX:Q95rrLPVe2d7j8BwqrZJMV5OZPLA_3pps7QoEXVq6-U', '2024-08-25 03:46:43.067263'),
('krpll2n4k0oekm0p5ykvngxx3l273hlm', 'eyJ1c2VyX2lkIjoiYjQ4MDRjY2ItMWJlZi00MzhlLWFhOGUtYWU3OWQ0MmI4MjI0In0:1sb89g:RnhbBnhV0cE32w-dRrsgoj8ZBM8Oj2j6OtRKrsLpABM', '2024-08-20 00:34:24.408573'),
('ksekusvod1ruf4rwyl6n53bi5vl2en9n', '.eJyrViotTi2Kz0xRslIySTFMSU4yNtK1tLAw1TUxsUzVtUhKNNG1SEkyNzJINkmzTE1W0oFoyEvMTQVqiSk1NjAxGoqkUi0AdAhErA:1sdOaZ:tohqm0o0G0K-eSggdI1_4JWoZJ8UqRSFpVfDIhIKUVc', '2024-08-26 06:31:31.949420'),
('mdz7czwrl44qieeokemcu2x7l564t4oc', '.eJyrViotTi2Kz0xRslIyS0yzTDFINtVNSks10TUxNUrVtTRMM9BNtUg1STU0sTQws0xT0oFoyEvMTQVqiSk1NrBIApOWYDIRTJop1QIAoSwZ6g:1seTCE:iwUs0zLuYj-jLScN1WkT94P8sXJPkhvp4JF3by5oI6k', '2024-08-29 05:38:50.825934'),
('nlf7yvzjxc8xkmurzl2cst5milyzivjv', '.eJyrViotTi2Kz0xRslIyS0yzTDFINtVNSks10TUxNUrVtTRMM9BNtUg1STU0sTQws0xT0oFoyEvMTQVqiSk1NrBIApOWYDIRTJop1QIAoSwZ6g:1sdhPl:xV8egGVKY6VbsdTJnTADQvDQJfv85p5F7lk6ozNEyhw', '2024-08-27 02:37:37.109481'),
('o6cib6ah2f2sezeg4smaqkdeoqpv0hkd', 'eyJ1c2VyX2lkIjoiYjQ4MDRjY2ItMWJlZi00MzhlLWFhOGUtYWU3OWQ0MmI4MjI0In0:1saUNr:bETTSNKRaHIq-QPJ6sCRn3ALBOMLZFDumjrK-n_eMKo', '2024-08-18 06:06:23.526906'),
('pn7w3qnjq8whnkoruna0ce1ssz22a26d', '.eJyrViotTi2Kz0xRslIyS0yzTDFINtVNSks10TUxNUrVtTRMM9BNtUg1STU0sTQws0xT0oFoyEvMTQVqiSk1NrBIApOWYDIRTJop1QIAoSwZ6g:1seRy4:adTtBUtfEMICG2Ly86FyPNI7j6pnZzQHJpScXonLtJ0', '2024-08-29 04:20:08.034060'),
('pnn1esa1bkji8il27hzafcmcet74xs97', '.eJyrViotTi2Kz0xRslIySTFMSU4yNtK1tLAw1TUxsUzVtUhKNNG1SEkyNzJINkmzTE1W0oFoyEvMTQVqiSk1NjAxGoqkUi0AdAhErA:1sdMPs:cdHSLkf7vUW5uhVr1uz26b6FB5dKMzxwVfS8qrKAATw', '2024-08-26 04:12:20.203870'),
('q452o9v2uqq0tel3b74jf2ap3bayv5dm', '.eJyrViotTi2Kz0xRslIyS0yzTDFINtVNSks10TUxNUrVtTRMM9BNtUg1STU0sTQws0xT0oFoyEvMTQVqiSk1NrBIApOWYDIRTJop1QIAoSwZ6g:1sdit5:xH7FG0Ty0gfmdjJFccFWB5Y9daxSvYML7oZTQmwNlLk', '2024-08-27 04:11:59.037388'),
('s4i68fd9wr3g17142rfcwtj4h5n0odsm', '.eJyrViotTi2Kz0xRslIySTFMSU4yNtK1tLAw1TUxsUzVtUhKNNG1SEkyNzJINkmzTE1W0oFoyEvMTQVqiSk1NjAxGoqkUi0AdAhErA:1sdM6u:cytNQLoOgFnv9JNCo-Y-ksV0mbMIDKA0Atu8FMRWzBo', '2024-08-26 03:52:44.022755'),
('slslb1dvooee4h4kjxjkp8dl090thb9l', 'eyJ1c2VyX2lkIjoiYjQ4MDRjY2ItMWJlZi00MzhlLWFhOGUtYWU3OWQ0MmI4MjI0In0:1saPJQ:o-AiziIhgFxQmoibodxuSbGYh3GTcyzE3tePLMGmIHU', '2024-08-18 00:41:28.680832'),
('twksocxrsw6ljk7va4bqmhu5ja7i8v50', '.eJyrViotTi2Kz0xRslIyS0yzTDFINtVNSks10TUxNUrVtTRMM9BNtUg1STU0sTQws0xT0oFoyEvMTQVqiSk1NrBIApOWYDIRTJop1QIAoSwZ6g:1seRYE:PD9uJlnTWYRk0ZHWSuBibOtwtUNHkC1yCUQ-kvHk91c', '2024-08-29 03:53:26.666172'),
('ujqwn3bn6ygz2x2uci88cch7k2yr303l', '.eJyrViotTi2Kz0xRslIyS0yzTDFINtVNSks10TUxNUrVtTRMM9BNtUg1STU0sTQws0xT0oFoyEvMTQVqiSk1NrBIApOWYDIRTJop1QIAoSwZ6g:1sdfkH:A1iEE3NmA4OLtvMGasrMbqc9wMGRHsu5HgNk5KGyWOg', '2024-08-27 00:50:41.050251'),
('uk4nf8fdif312sqwn27q0w2en4l53f54', '.eJyrViotTi2Kz0xRslIySTFMSU4yNtK1tLAw1TUxsUzVtUhKNNG1SEkyNzJINkmzTE1W0oFoyEvMTQVqiSk1NjAxGoqkUi0AdAhErA:1sdNlt:k6go8uvti0ioSnF_voUZn1hh6oOwRv0tK0F7vTPVW80', '2024-08-26 05:39:09.062747'),
('uo653x24cxzkq0k521c71ubpf1rs5qj0', '.eJyrViotTi2Kz0xRslIySTFMSU4yNtK1tLAw1TUxsUzVtUhKNNG1SEkyNzJINkmzTE1W0oFoyEvMTQVqiSk1NjAxGoqkUi0AdAhErA:1scyeY:y_nO97pzPqSTN0yt5MuDz6PTlEdlO6UcyuGIqCUi5HA', '2024-08-25 02:49:54.721295'),
('vfgeb0fgl8s8j41fbcf5hibj9zwewoea', '.eJyrViotTi2Kz0xRslIySTFMSU4yNtK1tLAw1TUxsUzVtUhKNNG1SEkyNzJINkmzTE1W0oFoyEvMTQVqiSk1NjAxGoqkUi0AdAhErA:1sdMOX:R8mS0-BMv-lpbtj8eY2uHCbAHzj71lKA_Q-Kdrcm8wk', '2024-08-26 04:10:57.046043'),
('xhrcbt0xh7fwmol06bwl2jrwey2decb3', '.eJyrViotTi2Kz0xRslIySTFMSU4yNtK1tLAw1TUxsUzVtUhKNNG1SEkyNzJINkmzTE1W0oFoyEvMTQVqiSk1NjAxGoqkUi0AdAhErA:1scad8:OFqdhnSTKIU21_MxjY9b8irjpX5Fy_7sIkjM9YgHr50', '2024-08-24 01:10:50.845573'),
('y0ylu3yqsscvq5yks4n7l8n27xjd9qzy', '.eJyrViotTi2Kz0xRslIyS0yzTDFINtVNSks10TUxNUrVtTRMM9BNtUg1STU0sTQws0xT0oFoyEvMTQVqiSk1NrBIApOWYDIRTJop1QIAoSwZ6g:1seTLH:uZ9egdhH9SIPsfsrPZGVRwTcXvWxE45NfEKzqSqSwW8', '2024-08-29 05:48:11.981278'),
('y0yxkoga4pb7h9asxuxp2t36ju5k4y8x', '.eJyrViotTi2Kz0xRslIyS0yzTDFINtVNSks10TUxNUrVtTRMM9BNtUg1STU0sTQws0xT0oFoyEvMTQVqiSk1NrBIApOWYDIRTJop1QIAoSwZ6g:1sbGtM:x7KVVGoto4Bf16FUawaYkJp0Gn4UT9SYrBVShF6oYBs', '2024-08-20 09:54:08.840497'),
('z49rucneznmu0p6etpsiq925x4t35184', '.eJyrViotTi2Kz0xRslIySTFMSU4yNtK1tLAw1TUxsUzVtUhKNNG1SEkyNzJINkmzTE1W0oFoyEvMTQVqiSk1NjAxGoqkUi0AdAhErA:1scMI6:kRCVgb-adgmUOwThGWQLG1v_u6CSh8V2UsPuIOQ-t04', '2024-08-23 09:52:10.898787'),
('z4xk45gzv9ujj0bc3xa50724kgg9ku14', 'eyJ1c2VyX2lkIjoiYjQ4MDRjY2ItMWJlZi00MzhlLWFhOGUtYWU3OWQ0MmI4MjI0In0:1samNz:LzNO5bGaaYeGgxnRYZhd16YnnO_Tbe_Ela0RaWn4ASM', '2024-08-19 01:19:43.875819');

-- --------------------------------------------------------

--
-- テーブルの構造 `user_user`
--

CREATE TABLE `user_user` (
  `user_id` char(32) NOT NULL,
  `user_name` varchar(255) NOT NULL,
  `email` varchar(255) NOT NULL,
  `password` varchar(100) NOT NULL,
  `profile_text` longtext NOT NULL,
  `user_icon` varchar(100) NOT NULL
) ENGINE=InnoDB DEFAULT CHARSET=utf8mb4;

--
-- テーブルのデータのダンプ `user_user`
--

INSERT INTO `user_user` (`user_id`, `user_name`, `email`, `password`, `profile_text`, `user_icon`) VALUES
('4d1dcb329885449e8ba48db720c4f9ec', 'あああああああああああああああああああああああああああああああ', 'rurariyu.system@gmail.com', '20031013y', '', ''),
('6af9d0c5bfe4452e91f0e8e4e149069f', 'るらりゆ', 'rurariyudayo@gmail.com', '20031013y', 'あ', 'poryhedron echo camber.jpg');

--
-- ダンプしたテーブルのインデックス
--

--
-- テーブルのインデックス `app_chat`
--
ALTER TABLE `app_chat`
  ADD PRIMARY KEY (`id`);

--
-- テーブルのインデックス `app_chatmember`
--
ALTER TABLE `app_chatmember`
  ADD PRIMARY KEY (`id`),
  ADD KEY `app_chatmember_chat_id_1b91e527_fk_app_chat_id` (`chat_id`),
  ADD KEY `app_chatmember_user_id_33741b31_fk_user_user_user_id` (`user_id`);

--
-- テーブルのインデックス `app_comment`
--
ALTER TABLE `app_comment`
  ADD PRIMARY KEY (`id`),
  ADD KEY `app_comment_post_id_id_6c2abc19_fk_app_post_data_id` (`post_id_id`),
  ADD KEY `app_comment_user_id_id_88e465e0_fk_user_user_user_id` (`user_id_id`);

--
-- テーブルのインデックス `app_favorite`
--
ALTER TABLE `app_favorite`
  ADD PRIMARY KEY (`id`),
  ADD KEY `app_favorite_favorite_post_id_id_571746b1_fk_app_post_data_id` (`favorite_post_id_id`),
  ADD KEY `app_favorite_user_id_id_9444dd1d_fk_user_user_user_id` (`user_id_id`);

--
-- テーブルのインデックス `app_image`
--
ALTER TABLE `app_image`
  ADD PRIMARY KEY (`id`),
  ADD KEY `app_image_post_id_id_5fb76155_fk_app_post_data_id` (`post_id_id`);

--
-- テーブルのインデックス `app_like`
--
ALTER TABLE `app_like`
  ADD PRIMARY KEY (`id`),
  ADD KEY `app_like_post_id_id_cad8d320_fk_app_post_data_id` (`post_id_id`),
  ADD KEY `app_like_user_id_id_65362970_fk_user_user_user_id` (`user_id_id`);

--
-- テーブルのインデックス `app_message`
--
ALTER TABLE `app_message`
  ADD PRIMARY KEY (`id`),
  ADD KEY `app_message_sender_id_a7a6a10b_fk_user_user_user_id` (`sender_id`),
  ADD KEY `app_message_chat_id_id_b74bca8f_fk_app_chat_id` (`chat_id_id`);

--
-- テーブルのインデックス `app_post_data`
--
ALTER TABLE `app_post_data`
  ADD PRIMARY KEY (`id`),
  ADD KEY `app_post_data_user_id_id_500a0773_fk_user_user_user_id` (`user_id_id`);

--
-- テーブルのインデックス `app_post_tag`
--
ALTER TABLE `app_post_tag`
  ADD PRIMARY KEY (`id`),
  ADD KEY `app_post_tag_post_id_id_e97343c6_fk_app_post_data_id` (`post_id_id`),
  ADD KEY `app_post_tag_tag_id_id_0ca58c4c_fk_app_tag_id` (`tag_id_id`);

--
-- テーブルのインデックス `app_tag`
--
ALTER TABLE `app_tag`
  ADD PRIMARY KEY (`id`),
  ADD UNIQUE KEY `tag` (`tag`);

--
-- テーブルのインデックス `auth_group`
--
ALTER TABLE `auth_group`
  ADD PRIMARY KEY (`id`),
  ADD UNIQUE KEY `name` (`name`);

--
-- テーブルのインデックス `auth_group_permissions`
--
ALTER TABLE `auth_group_permissions`
  ADD PRIMARY KEY (`id`),
  ADD UNIQUE KEY `auth_group_permissions_group_id_permission_id_0cd325b0_uniq` (`group_id`,`permission_id`),
  ADD KEY `auth_group_permissio_permission_id_84c5c92e_fk_auth_perm` (`permission_id`);

--
-- テーブルのインデックス `auth_permission`
--
ALTER TABLE `auth_permission`
  ADD PRIMARY KEY (`id`),
  ADD UNIQUE KEY `auth_permission_content_type_id_codename_01ab375a_uniq` (`content_type_id`,`codename`);

--
-- テーブルのインデックス `auth_user`
--
ALTER TABLE `auth_user`
  ADD PRIMARY KEY (`id`),
  ADD UNIQUE KEY `username` (`username`);

--
-- テーブルのインデックス `auth_user_groups`
--
ALTER TABLE `auth_user_groups`
  ADD PRIMARY KEY (`id`),
  ADD UNIQUE KEY `auth_user_groups_user_id_group_id_94350c0c_uniq` (`user_id`,`group_id`),
  ADD KEY `auth_user_groups_group_id_97559544_fk_auth_group_id` (`group_id`);

--
-- テーブルのインデックス `auth_user_user_permissions`
--
ALTER TABLE `auth_user_user_permissions`
  ADD PRIMARY KEY (`id`),
  ADD UNIQUE KEY `auth_user_user_permissions_user_id_permission_id_14a6b632_uniq` (`user_id`,`permission_id`),
  ADD KEY `auth_user_user_permi_permission_id_1fbb5f2c_fk_auth_perm` (`permission_id`);

--
-- テーブルのインデックス `django_admin_log`
--
ALTER TABLE `django_admin_log`
  ADD PRIMARY KEY (`id`),
  ADD KEY `django_admin_log_content_type_id_c4bce8eb_fk_django_co` (`content_type_id`),
  ADD KEY `django_admin_log_user_id_c564eba6_fk_auth_user_id` (`user_id`);

--
-- テーブルのインデックス `django_content_type`
--
ALTER TABLE `django_content_type`
  ADD PRIMARY KEY (`id`),
  ADD UNIQUE KEY `django_content_type_app_label_model_76bd3d3b_uniq` (`app_label`,`model`);

--
-- テーブルのインデックス `django_migrations`
--
ALTER TABLE `django_migrations`
  ADD PRIMARY KEY (`id`);

--
-- テーブルのインデックス `django_session`
--
ALTER TABLE `django_session`
  ADD PRIMARY KEY (`session_key`),
  ADD KEY `django_session_expire_date_a5c62663` (`expire_date`);

--
-- テーブルのインデックス `user_user`
--
ALTER TABLE `user_user`
  ADD PRIMARY KEY (`user_id`),
  ADD UNIQUE KEY `user_user_email_1c6f3d1a_uniq` (`email`);

--
-- ダンプしたテーブルの AUTO_INCREMENT
--

--
-- テーブルの AUTO_INCREMENT `app_chat`
--
ALTER TABLE `app_chat`
  MODIFY `id` bigint(20) NOT NULL AUTO_INCREMENT, AUTO_INCREMENT=8;

--
-- テーブルの AUTO_INCREMENT `app_chatmember`
--
ALTER TABLE `app_chatmember`
  MODIFY `id` bigint(20) NOT NULL AUTO_INCREMENT, AUTO_INCREMENT=10;

--
-- テーブルの AUTO_INCREMENT `app_comment`
--
ALTER TABLE `app_comment`
  MODIFY `id` bigint(20) NOT NULL AUTO_INCREMENT, AUTO_INCREMENT=3;

--
-- テーブルの AUTO_INCREMENT `app_favorite`
--
ALTER TABLE `app_favorite`
  MODIFY `id` bigint(20) NOT NULL AUTO_INCREMENT;

--
-- テーブルの AUTO_INCREMENT `app_image`
--
ALTER TABLE `app_image`
  MODIFY `id` bigint(20) NOT NULL AUTO_INCREMENT, AUTO_INCREMENT=9;

--
-- テーブルの AUTO_INCREMENT `app_like`
--
ALTER TABLE `app_like`
  MODIFY `id` bigint(20) NOT NULL AUTO_INCREMENT, AUTO_INCREMENT=32;

--
-- テーブルの AUTO_INCREMENT `app_message`
--
ALTER TABLE `app_message`
  MODIFY `id` bigint(20) NOT NULL AUTO_INCREMENT, AUTO_INCREMENT=567;

--
-- テーブルの AUTO_INCREMENT `app_post_data`
--
ALTER TABLE `app_post_data`
  MODIFY `id` bigint(20) NOT NULL AUTO_INCREMENT, AUTO_INCREMENT=8;

--
-- テーブルの AUTO_INCREMENT `app_post_tag`
--
ALTER TABLE `app_post_tag`
  MODIFY `id` bigint(20) NOT NULL AUTO_INCREMENT, AUTO_INCREMENT=9;

--
-- テーブルの AUTO_INCREMENT `app_tag`
--
ALTER TABLE `app_tag`
  MODIFY `id` bigint(20) NOT NULL AUTO_INCREMENT, AUTO_INCREMENT=10;

--
-- テーブルの AUTO_INCREMENT `auth_group`
--
ALTER TABLE `auth_group`
  MODIFY `id` int(11) NOT NULL AUTO_INCREMENT;

--
-- テーブルの AUTO_INCREMENT `auth_group_permissions`
--
ALTER TABLE `auth_group_permissions`
  MODIFY `id` bigint(20) NOT NULL AUTO_INCREMENT;

--
-- テーブルの AUTO_INCREMENT `auth_permission`
--
ALTER TABLE `auth_permission`
  MODIFY `id` int(11) NOT NULL AUTO_INCREMENT, AUTO_INCREMENT=69;

--
-- テーブルの AUTO_INCREMENT `auth_user`
--
ALTER TABLE `auth_user`
  MODIFY `id` int(11) NOT NULL AUTO_INCREMENT;

--
-- テーブルの AUTO_INCREMENT `auth_user_groups`
--
ALTER TABLE `auth_user_groups`
  MODIFY `id` bigint(20) NOT NULL AUTO_INCREMENT;

--
-- テーブルの AUTO_INCREMENT `auth_user_user_permissions`
--
ALTER TABLE `auth_user_user_permissions`
  MODIFY `id` bigint(20) NOT NULL AUTO_INCREMENT;

--
-- テーブルの AUTO_INCREMENT `django_admin_log`
--
ALTER TABLE `django_admin_log`
  MODIFY `id` int(11) NOT NULL AUTO_INCREMENT;

--
-- テーブルの AUTO_INCREMENT `django_content_type`
--
ALTER TABLE `django_content_type`
  MODIFY `id` int(11) NOT NULL AUTO_INCREMENT, AUTO_INCREMENT=18;

--
-- テーブルの AUTO_INCREMENT `django_migrations`
--
ALTER TABLE `django_migrations`
  MODIFY `id` bigint(20) NOT NULL AUTO_INCREMENT, AUTO_INCREMENT=189;

--
-- ダンプしたテーブルの制約
--

--
-- テーブルの制約 `app_chatmember`
--
ALTER TABLE `app_chatmember`
  ADD CONSTRAINT `app_chatmember_chat_id_1b91e527_fk_app_chat_id` FOREIGN KEY (`chat_id`) REFERENCES `app_chat` (`id`),
  ADD CONSTRAINT `app_chatmember_user_id_33741b31_fk_user_user_user_id` FOREIGN KEY (`user_id`) REFERENCES `user_user` (`user_id`);

--
-- テーブルの制約 `app_comment`
--
ALTER TABLE `app_comment`
  ADD CONSTRAINT `app_comment_post_id_id_6c2abc19_fk_app_post_data_id` FOREIGN KEY (`post_id_id`) REFERENCES `app_post_data` (`id`),
  ADD CONSTRAINT `app_comment_user_id_id_88e465e0_fk_user_user_user_id` FOREIGN KEY (`user_id_id`) REFERENCES `user_user` (`user_id`);

--
-- テーブルの制約 `app_favorite`
--
ALTER TABLE `app_favorite`
  ADD CONSTRAINT `app_favorite_favorite_post_id_id_571746b1_fk_app_post_data_id` FOREIGN KEY (`favorite_post_id_id`) REFERENCES `app_post_data` (`id`),
  ADD CONSTRAINT `app_favorite_user_id_id_9444dd1d_fk_user_user_user_id` FOREIGN KEY (`user_id_id`) REFERENCES `user_user` (`user_id`);

--
-- テーブルの制約 `app_image`
--
ALTER TABLE `app_image`
  ADD CONSTRAINT `app_image_post_id_id_5fb76155_fk_app_post_data_id` FOREIGN KEY (`post_id_id`) REFERENCES `app_post_data` (`id`);

--
-- テーブルの制約 `app_like`
--
ALTER TABLE `app_like`
  ADD CONSTRAINT `app_like_post_id_id_cad8d320_fk_app_post_data_id` FOREIGN KEY (`post_id_id`) REFERENCES `app_post_data` (`id`),
  ADD CONSTRAINT `app_like_user_id_id_65362970_fk_user_user_user_id` FOREIGN KEY (`user_id_id`) REFERENCES `user_user` (`user_id`);

--
-- テーブルの制約 `app_message`
--
ALTER TABLE `app_message`
  ADD CONSTRAINT `app_message_chat_id_id_b74bca8f_fk_app_chat_id` FOREIGN KEY (`chat_id_id`) REFERENCES `app_chat` (`id`),
  ADD CONSTRAINT `app_message_sender_id_a7a6a10b_fk_user_user_user_id` FOREIGN KEY (`sender_id`) REFERENCES `user_user` (`user_id`);

--
-- テーブルの制約 `app_post_data`
--
ALTER TABLE `app_post_data`
  ADD CONSTRAINT `app_post_data_user_id_id_500a0773_fk_user_user_user_id` FOREIGN KEY (`user_id_id`) REFERENCES `user_user` (`user_id`);

--
-- テーブルの制約 `app_post_tag`
--
ALTER TABLE `app_post_tag`
  ADD CONSTRAINT `app_post_tag_post_id_id_e97343c6_fk_app_post_data_id` FOREIGN KEY (`post_id_id`) REFERENCES `app_post_data` (`id`),
  ADD CONSTRAINT `app_post_tag_tag_id_id_0ca58c4c_fk_app_tag_id` FOREIGN KEY (`tag_id_id`) REFERENCES `app_tag` (`id`);

--
-- テーブルの制約 `auth_group_permissions`
--
ALTER TABLE `auth_group_permissions`
  ADD CONSTRAINT `auth_group_permissio_permission_id_84c5c92e_fk_auth_perm` FOREIGN KEY (`permission_id`) REFERENCES `auth_permission` (`id`),
  ADD CONSTRAINT `auth_group_permissions_group_id_b120cbf9_fk_auth_group_id` FOREIGN KEY (`group_id`) REFERENCES `auth_group` (`id`);

--
-- テーブルの制約 `auth_permission`
--
ALTER TABLE `auth_permission`
  ADD CONSTRAINT `auth_permission_content_type_id_2f476e4b_fk_django_co` FOREIGN KEY (`content_type_id`) REFERENCES `django_content_type` (`id`);

--
-- テーブルの制約 `auth_user_groups`
--
ALTER TABLE `auth_user_groups`
  ADD CONSTRAINT `auth_user_groups_group_id_97559544_fk_auth_group_id` FOREIGN KEY (`group_id`) REFERENCES `auth_group` (`id`),
  ADD CONSTRAINT `auth_user_groups_user_id_6a12ed8b_fk_auth_user_id` FOREIGN KEY (`user_id`) REFERENCES `auth_user` (`id`);

--
-- テーブルの制約 `auth_user_user_permissions`
--
ALTER TABLE `auth_user_user_permissions`
  ADD CONSTRAINT `auth_user_user_permi_permission_id_1fbb5f2c_fk_auth_perm` FOREIGN KEY (`permission_id`) REFERENCES `auth_permission` (`id`),
  ADD CONSTRAINT `auth_user_user_permissions_user_id_a95ead1b_fk_auth_user_id` FOREIGN KEY (`user_id`) REFERENCES `auth_user` (`id`);

--
-- テーブルの制約 `django_admin_log`
--
ALTER TABLE `django_admin_log`
  ADD CONSTRAINT `django_admin_log_content_type_id_c4bce8eb_fk_django_co` FOREIGN KEY (`content_type_id`) REFERENCES `django_content_type` (`id`),
  ADD CONSTRAINT `django_admin_log_user_id_c564eba6_fk_auth_user_id` FOREIGN KEY (`user_id`) REFERENCES `auth_user` (`id`);
COMMIT;

/*!40101 SET CHARACTER_SET_CLIENT=@OLD_CHARACTER_SET_CLIENT */;
/*!40101 SET CHARACTER_SET_RESULTS=@OLD_CHARACTER_SET_RESULTS */;
/*!40101 SET COLLATION_CONNECTION=@OLD_COLLATION_CONNECTION */;
